sales_id,order_id,product_id,price_per_unit,quantity
0,1,218,106,2
1,1,481,118,1
2,1,2,96,3
3,1,1002,106,2
4,1,691,113,3
5,1,981,106,3
6,2,915,96,1
7,2,686,113,1
8,2,1091,115,3
9,2,1196,105,1
10,2,157,91,3
11,2,1174,99,2
12,3,54,104,1
13,3,6,96,2
14,3,1010,106,2
15,4,1033,90,1
16,4,1184,99,3
17,4,769,109,1
18,4,923,96,3
19,4,12,96,2
20,5,148,91,2
21,5,475,118,2
22,5,1,96,3
23,5,830,117,3
24,5,1209,105,3
25,5,635,93,3
26,5,639,93,3
27,5,695,113,1
28,6,38,104,2
29,6,473,118,2
30,6,242,106,1
31,6,804,91,2
32,7,850,113,2
33,7,1162,99,3
34,8,765,109,1
35,8,256,95,2
36,9,203,98,1
37,9,486,118,2
38,9,708,119,1
39,9,1040,90,2
40,9,917,96,3
41,9,1061,93,2
42,9,35,104,2
43,10,325,109,3
44,10,860,113,2
45,10,426,107,3
46,11,877,94,2
47,11,780,91,3
48,12,782,91,1
49,12,632,93,2
50,12,846,113,3
51,12,180,98,1
52,13,217,106,2
53,13,95,118,3
54,13,800,91,2
55,13,835,117,1
56,13,1249,112,2
57,13,753,109,2
58,13,114,92,3
59,14,1202,105,2
60,14,227,106,3
61,14,108,92,2
62,14,91,118,3
63,14,909,94,2
64,15,699,113,3
65,15,1195,105,3
66,15,291,105,2
67,15,972,97,3
68,15,1212,105,2
69,16,7,96,3
70,16,381,94,3
71,16,17,96,2
72,16,297,105,2
73,16,28,96,1
74,16,934,96,1
75,16,324,109,3
76,16,578,100,2
77,16,273,95,1
78,17,132,92,2
79,17,791,91,2
80,17,463,118,1
81,17,1066,93,2
82,18,35,104,1
83,18,970,97,3
84,18,285,105,1
85,18,1110,115,3
86,18,452,107,1
87,19,71,118,1
88,19,347,109,2
89,19,316,109,2
90,19,809,117,3
91,19,682,113,3
92,20,596,112,2
93,20,85,118,3
94,20,571,100,1
95,20,1114,115,3
96,20,514,102,3
97,20,681,113,1
98,20,1114,115,1
99,21,7,96,1
100,21,298,105,2
101,21,906,94,2
102,22,20,96,1
103,22,1040,90,2
104,22,134,92,1
105,22,172,91,2
106,22,321,109,3
107,22,912,96,1
108,23,238,106,2
109,23,809,117,3
110,24,8,96,1
111,24,852,113,2
112,25,736,109,3
113,25,593,100,2
114,26,808,117,2
115,26,154,91,3
116,26,453,107,1
117,27,302,105,2
118,27,823,117,1
119,27,360,94,1
120,27,430,107,1
121,27,1027,90,3
122,27,603,112,1
123,27,843,113,2
124,28,19,96,2
125,28,226,106,2
126,28,1158,99,1
127,28,730,119,1
128,28,2,96,2
129,28,761,109,2
130,28,684,113,3
131,28,922,96,2
132,28,1053,93,2
133,28,1259,112,3
134,28,803,91,2
135,29,633,93,1
136,29,907,94,3
137,29,246,95,2
138,29,762,109,3
139,30,407,119,2
140,30,325,109,2
141,30,2,96,1
142,30,411,119,2
143,30,1167,99,1
144,30,462,118,3
145,31,484,118,2
146,31,1071,93,1
147,31,1245,112,1
148,32,1096,115,3
149,32,323,109,1
150,32,22,96,3
151,33,486,118,2
152,33,1173,99,3
153,33,322,109,3
154,33,955,97,3
155,33,511,102,2
156,34,817,117,2
157,34,555,98,1
158,34,775,91,3
159,34,62,104,1
160,35,991,106,2
161,35,527,98,1
162,35,1257,112,2
163,35,1043,90,1
164,35,549,98,1
165,35,302,105,1
166,35,671,113,3
167,36,675,113,1
168,36,636,93,3
169,36,37,104,2
170,36,831,117,2
171,36,737,109,2
172,36,203,98,1
173,37,809,117,3
174,37,995,106,3
175,37,605,112,3
176,37,608,112,2
177,37,645,93,2
178,38,1015,90,2
179,38,503,102,1
180,38,138,92,2
181,39,621,112,2
182,39,338,109,2
183,39,148,91,3
184,39,631,93,3
185,39,916,96,1
186,39,317,109,2
187,39,49,104,1
188,39,1030,90,2
189,39,892,94,3
190,39,20,96,2
191,40,333,109,2
192,40,650,93,1
193,40,479,118,3
194,40,688,113,3
195,41,1012,106,1
196,41,730,119,1
197,41,579,100,3
198,42,866,113,1
199,42,978,97,2
200,42,330,109,1
201,42,1225,112,1
202,43,1146,102,2
203,43,586,100,1
204,43,134,92,3
205,44,368,94,2
206,44,1127,102,2
207,44,595,112,1
208,44,1076,93,1
209,44,704,119,1
210,45,476,118,1
211,45,705,119,3
212,45,1037,90,2
213,45,345,109,3
214,45,1253,112,2
215,45,1258,112,1
216,46,666,113,3
217,46,498,102,1
218,46,316,109,3
219,47,664,93,2
220,47,823,117,2
221,47,777,91,1
222,47,78,118,2
223,47,1089,115,3
224,48,960,97,1
225,48,683,113,3
226,49,40,104,3
227,49,1044,90,2
228,49,773,91,1
229,50,457,118,3
230,50,339,109,1
231,50,1098,115,3
232,50,1051,93,2
233,50,1033,90,3
234,50,429,107,1
235,51,668,113,1
236,51,968,97,3
237,51,1071,93,2
238,52,491,102,3
239,52,1101,115,3
240,52,1141,102,1
241,52,14,96,2
242,53,825,117,3
243,53,56,104,1
244,53,92,118,1
245,54,843,113,2
246,54,974,97,2
247,54,268,95,1
248,54,512,102,2
249,55,717,119,1
250,56,1061,93,1
251,56,879,94,3
252,56,469,118,1
253,56,610,112,3
254,56,968,97,2
255,57,1078,93,2
256,57,1148,102,3
257,57,808,117,1
258,58,1073,93,3
259,58,883,94,2
260,59,928,96,1
261,59,682,113,2
262,59,786,91,1
263,60,1054,93,2
264,60,926,96,1
265,60,590,100,1
266,60,203,98,3
267,60,913,96,1
268,60,451,107,3
269,61,1163,99,1
270,61,210,106,1
271,61,1180,99,1
272,61,710,119,3
273,61,316,109,2
274,62,1045,90,2
275,62,1192,105,2
276,63,327,109,3
277,63,975,97,2
278,63,360,94,2
279,63,208,98,1
280,64,801,91,2
281,64,623,112,2
282,64,1012,106,1
283,64,680,113,2
284,65,1184,99,3
285,65,744,109,3
286,66,947,97,3
287,66,847,113,1
288,66,810,117,3
289,66,465,118,2
290,66,125,92,2
291,66,728,119,1
292,66,901,94,2
293,66,672,113,2
294,66,163,91,3
295,66,942,96,1
296,67,1038,90,2
297,67,798,91,2
298,67,453,107,2
299,68,64,104,1
300,68,436,107,2
301,68,1029,90,1
302,68,78,118,1
303,69,103,118,1
304,69,175,98,3
305,69,1059,93,1
306,69,1210,105,2
307,69,817,117,2
308,69,616,112,3
309,70,593,100,1
310,71,1100,115,1
311,71,230,106,2
312,72,1028,90,2
313,72,548,98,2
314,72,71,118,2
315,72,596,112,2
316,73,467,118,3
317,73,1135,102,1
318,73,1014,106,1
319,73,1188,99,3
320,73,70,118,2
321,74,507,102,2
322,74,311,105,2
323,74,85,118,2
324,75,571,100,2
325,75,395,119,3
326,75,604,112,3
327,76,452,107,1
328,76,1083,93,2
329,76,214,106,1
330,76,1158,99,1
331,76,1132,102,1
332,76,1067,93,3
333,76,842,113,2
334,77,81,118,3
335,77,672,113,1
336,77,390,119,3
337,77,614,112,1
338,77,535,98,3
339,77,1165,99,2
340,77,364,94,1
341,77,1221,105,1
342,77,878,94,3
343,77,782,91,3
344,77,819,117,3
345,77,577,100,2
346,78,733,119,3
347,78,1086,115,2
348,78,1001,106,2
349,79,481,118,2
350,79,499,102,1
351,79,1244,112,3
352,79,947,97,1
353,80,21,96,2
354,80,978,97,2
355,81,55,104,3
356,81,987,106,2
357,81,1175,99,1
358,81,142,91,1
359,81,143,91,3
360,81,626,112,1
361,82,599,112,2
362,82,528,98,3
363,82,757,109,1
364,82,1042,90,3
365,82,676,113,2
366,82,239,106,3
367,83,588,100,1
368,83,88,118,1
369,83,260,95,2
370,84,1074,93,1
371,84,371,94,3
372,84,191,98,2
373,85,442,107,1
374,85,379,94,1
375,85,613,112,3
376,86,572,100,2
377,87,98,118,3
378,87,276,95,1
379,87,278,95,2
380,87,174,91,2
381,88,126,92,1
382,88,862,113,3
383,88,407,119,1
384,88,86,118,2
385,88,770,91,2
386,88,915,96,2
387,88,1221,105,2
388,89,271,95,1
389,89,818,117,2
390,89,549,98,1
391,89,520,102,3
392,89,545,98,1
393,90,134,92,3
394,90,19,96,2
395,90,746,109,2
396,90,1129,102,3
397,90,50,104,3
398,90,641,93,1
399,91,1128,102,1
400,91,371,94,1
401,91,224,106,3
402,91,498,102,3
403,91,1045,90,3
404,92,434,107,3
405,92,994,106,3
406,92,234,106,2
407,92,991,106,3
408,93,1247,112,3
409,93,1259,112,3
410,94,883,94,2
411,94,1073,93,3
412,94,212,106,2
413,94,458,118,3
414,94,939,96,2
415,95,1168,99,3
416,95,444,107,1
417,95,497,102,2
418,95,1167,99,2
419,95,415,119,3
420,95,426,107,2
421,95,1091,115,1
422,95,742,109,2
423,96,1025,90,2
424,96,1123,102,1
425,96,345,109,2
426,96,395,119,1
427,96,1223,105,2
428,96,940,96,1
429,97,120,92,1
430,97,541,98,1
431,97,856,113,3
432,97,1183,99,1
433,97,307,105,3
434,97,1209,105,3
435,97,545,98,1
436,97,476,118,1
437,98,1022,90,2
438,98,431,107,2
439,98,943,96,1
440,98,1103,115,1
441,98,982,106,3
442,98,645,93,1
443,99,1238,112,2
444,99,159,91,3
445,99,26,96,1
446,99,485,118,2
447,99,353,94,2
448,100,458,118,2
449,100,1083,93,2
450,100,471,118,2
451,100,138,92,3
452,100,470,118,1
453,100,373,94,2
454,100,392,119,3
455,100,1242,112,1
456,101,643,93,3
457,101,1216,105,1
458,101,1113,115,1
459,101,474,118,3
460,101,1119,115,3
461,102,332,109,3
462,103,772,91,1
463,103,756,109,3
464,103,159,91,1
465,103,663,93,3
466,103,740,109,3
467,103,549,98,2
468,103,9,96,2
469,103,78,118,3
470,104,1182,99,1
471,104,67,104,3
472,104,1066,93,1
473,104,927,96,3
474,104,385,119,1
475,104,1098,115,2
476,105,269,95,2
477,105,929,96,1
478,106,639,93,2
479,106,1069,93,3
480,106,1105,115,3
481,107,39,104,2
482,107,388,119,1
483,107,349,109,2
484,107,203,98,3
485,107,882,94,1
486,107,242,106,2
487,108,707,119,3
488,108,155,91,3
489,108,1193,105,3
490,108,505,102,1
491,108,1214,105,3
492,108,685,113,2
493,108,555,98,2
494,108,394,119,3
495,109,248,95,3
496,109,1108,115,2
497,109,1072,93,1
498,109,586,100,1
499,110,687,113,2
500,110,818,117,1
501,110,891,94,1
502,110,1144,102,1
503,110,647,93,3
504,111,306,105,1
505,111,186,98,1
506,111,1056,93,2
507,111,1031,90,3
508,111,660,93,3
509,111,1091,115,1
510,112,401,119,2
511,112,1166,99,1
512,112,884,94,3
513,112,755,109,2
514,112,259,95,1
515,112,1245,112,1
516,113,760,109,3
517,113,1236,112,3
518,113,153,91,2
519,113,979,97,3
520,113,172,91,3
521,113,562,100,3
522,113,1030,90,2
523,113,90,118,2
524,113,533,98,1
525,113,640,93,1
526,114,922,96,2
527,114,260,95,2
528,114,997,106,3
529,114,740,109,1
530,114,991,106,3
531,114,965,97,2
532,114,171,91,1
533,115,249,95,3
534,115,1196,105,1
535,115,539,98,1
536,115,984,106,1
537,116,370,94,1
538,116,621,112,2
539,117,405,119,2
540,117,765,109,1
541,117,890,94,3
542,117,532,98,1
543,117,462,118,3
544,117,522,102,1
545,118,360,94,1
546,118,99,118,1
547,118,110,92,1
548,118,603,112,2
549,119,551,98,2
550,119,911,96,1
551,119,66,104,1
552,119,63,104,1
553,120,1231,112,1
554,120,340,109,2
555,120,881,94,2
556,120,560,100,1
557,120,11,96,2
558,120,395,119,3
559,121,920,96,2
560,121,58,104,1
561,121,568,100,2
562,121,1200,105,1
563,121,60,104,2
564,121,266,95,2
565,121,1222,105,3
566,121,1126,102,1
567,122,1015,90,3
568,122,616,112,1
569,122,258,95,1
570,122,712,119,2
571,123,616,112,1
572,123,724,119,2
573,123,700,119,3
574,123,553,98,2
575,123,958,97,2
576,123,1065,93,2
577,123,108,92,2
578,123,75,118,1
579,123,361,94,3
580,124,352,94,2
581,124,563,100,1
582,124,647,93,1
583,124,572,100,2
584,124,32,96,3
585,124,200,98,3
586,124,1199,105,2
587,124,137,92,3
588,124,1058,93,3
589,124,640,93,1
590,125,586,100,1
591,125,1223,105,1
592,126,678,113,1
593,126,312,105,2
594,126,444,107,2
595,126,33,96,2
596,126,613,112,2
597,126,310,105,3
598,127,384,94,3
599,127,539,98,3
600,127,1138,102,1
601,127,34,96,1
602,127,542,98,1
603,127,477,118,2
604,127,328,109,2
605,127,121,92,1
606,128,674,113,3
607,128,240,106,3
608,128,1002,106,2
609,128,322,109,2
610,128,814,117,3
611,128,185,98,1
612,128,787,91,2
613,129,1026,90,2
614,129,570,100,1
615,129,872,113,2
616,130,250,95,1
617,131,215,106,3
618,131,535,98,1
619,131,865,113,2
620,131,1142,102,2
621,131,517,102,1
622,132,420,107,1
623,132,207,98,2
624,132,979,97,1
625,132,1227,112,2
626,132,658,93,3
627,133,523,102,1
628,133,942,96,2
629,133,374,94,3
630,134,770,91,1
631,134,516,102,2
632,134,989,106,2
633,134,407,119,2
634,134,840,113,2
635,134,185,98,2
636,134,653,93,3
637,134,1194,105,1
638,135,106,92,1
639,135,730,119,2
640,135,654,93,2
641,135,376,94,1
642,136,816,117,2
643,136,174,91,3
644,136,582,100,3
645,137,1137,102,1
646,137,175,98,1
647,137,826,117,1
648,137,236,106,3
649,138,51,104,2
650,138,518,102,3
651,138,2,96,2
652,138,1065,93,1
653,138,383,94,2
654,139,521,102,2
655,139,428,107,1
656,139,280,105,1
657,139,1110,115,3
658,140,701,119,3
659,140,955,97,1
660,140,575,100,1
661,140,533,98,2
662,140,687,113,3
663,140,628,112,1
664,140,1130,102,3
665,141,805,117,3
666,141,950,97,1
667,141,733,119,3
668,142,8,96,3
669,142,843,113,2
670,142,131,92,3
671,142,575,100,3
672,142,717,119,3
673,142,1237,112,3
674,142,712,119,1
675,142,932,96,3
676,142,630,93,3
677,143,740,109,2
678,143,94,118,2
679,143,1083,93,1
680,143,387,119,1
681,143,1123,102,3
682,143,837,117,1
683,144,698,113,1
684,144,295,105,3
685,144,461,118,2
686,144,680,113,2
687,145,1138,102,1
688,145,623,112,3
689,145,655,93,2
690,145,472,118,3
691,146,17,96,3
692,146,610,112,3
693,147,1250,112,1
694,148,213,106,1
695,148,779,91,3
696,148,1214,105,3
697,148,220,106,3
698,149,423,107,1
699,149,549,98,3
700,149,931,96,1
701,149,380,94,2
702,149,93,118,3
703,150,736,109,1
704,150,1110,115,3
705,150,263,95,3
706,150,234,106,2
707,151,772,91,1
708,151,842,113,2
709,151,287,105,3
710,151,992,106,1
711,152,246,95,1
712,152,731,119,1
713,152,490,102,1
714,152,897,94,1
715,152,537,98,3
716,152,904,94,3
717,152,1230,112,1
718,152,1188,99,2
719,153,542,98,3
720,153,698,113,1
721,153,769,109,3
722,153,989,106,2
723,153,1188,99,3
724,153,1235,112,3
725,154,347,109,1
726,154,1043,90,1
727,154,174,91,1
728,154,630,93,2
729,154,625,112,2
730,155,512,102,1
731,156,1253,112,1
732,156,1155,99,2
733,156,438,107,2
734,156,719,119,1
735,156,470,118,3
736,157,918,96,3
737,157,585,100,1
738,157,493,102,2
739,157,442,107,1
740,158,1173,99,2
741,158,975,97,2
742,158,238,106,1
743,158,130,92,2
744,158,257,95,2
745,158,100,118,3
746,159,118,92,2
747,159,172,91,2
748,159,209,98,2
749,159,410,119,3
750,160,765,109,1
751,160,117,92,1
752,160,94,118,1
753,160,1213,105,1
754,160,437,107,2
755,160,1102,115,1
756,160,122,92,2
757,160,878,94,2
758,160,134,92,3
759,160,951,97,1
760,161,48,104,2
761,161,1177,99,2
762,161,936,96,1
763,161,1041,90,2
764,161,483,118,2
765,161,525,98,3
766,161,63,104,3
767,161,517,102,2
768,162,896,94,1
769,162,1052,93,3
770,162,1091,115,3
771,162,870,113,2
772,162,849,113,2
773,163,937,96,2
774,163,753,109,1
775,163,563,100,3
776,163,549,98,2
777,163,43,104,3
778,163,682,113,3
779,163,372,94,1
780,163,153,91,2
781,164,1202,105,2
782,164,604,112,1
783,164,275,95,2
784,164,8,96,1
785,164,425,107,3
786,165,1165,99,3
787,165,1029,90,1
788,165,118,92,2
789,165,700,119,1
790,165,679,113,1
791,165,1060,93,2
792,165,26,96,1
793,166,743,109,1
794,166,827,117,3
795,166,740,109,1
796,166,661,93,2
797,166,217,106,2
798,166,430,107,3
799,167,1035,90,2
800,167,930,96,1
801,167,217,106,1
802,167,134,92,2
803,168,1037,90,3
804,168,1112,115,3
805,168,19,96,1
806,168,439,107,1
807,168,605,112,2
808,169,1016,90,2
809,169,468,118,3
810,169,928,96,2
811,169,605,112,2
812,169,722,119,2
813,169,792,91,3
814,169,526,98,3
815,169,1062,93,1
816,169,751,109,2
817,170,673,113,3
818,170,357,94,1
819,170,345,109,1
820,170,1224,105,2
821,170,899,94,2
822,171,520,102,2
823,171,655,93,1
824,171,812,117,1
825,171,444,107,3
826,171,785,91,1
827,171,85,118,2
828,171,198,98,2
829,171,314,105,2
830,172,574,100,3
831,172,413,119,1
832,172,1156,99,2
833,172,683,113,3
834,172,706,119,3
835,172,1245,112,3
836,173,1005,106,2
837,174,1174,99,1
838,174,634,93,3
839,174,795,91,1
840,175,329,109,1
841,175,165,91,1
842,175,968,97,3
843,175,1207,105,3
844,175,381,94,3
845,175,890,94,3
846,175,66,104,1
847,175,1052,93,1
848,176,704,119,1
849,176,642,93,1
850,176,124,92,1
851,176,24,96,3
852,176,1095,115,3
853,176,1028,90,1
854,177,64,104,1
855,177,256,95,1
856,177,257,95,2
857,177,207,98,1
858,177,976,97,3
859,177,1059,93,3
860,178,593,100,1
861,178,307,105,1
862,178,1023,90,1
863,179,182,98,2
864,179,700,119,2
865,179,788,91,3
866,179,360,94,2
867,179,1235,112,1
868,179,449,107,3
869,180,50,104,3
870,180,1184,99,1
871,180,1245,112,1
872,180,1058,93,2
873,180,1054,93,1
874,180,272,95,1
875,181,463,118,1
876,181,506,102,3
877,182,852,113,2
878,182,408,119,2
879,182,578,100,2
880,182,858,113,3
881,182,756,109,1
882,182,525,98,1
883,182,792,91,3
884,182,705,119,2
885,182,60,104,2
886,183,1192,105,2
887,183,513,102,3
888,183,758,109,3
889,183,202,98,1
890,183,359,94,2
891,183,300,105,3
892,183,709,119,2
893,184,31,96,2
894,184,1100,115,2
895,184,318,109,2
896,185,360,94,3
897,185,1145,102,1
898,185,469,118,2
899,185,406,119,3
900,185,411,119,2
901,185,249,95,1
902,185,55,104,3
903,185,948,97,2
904,185,1057,93,3
905,186,316,109,2
906,186,642,93,2
907,186,759,109,2
908,186,1208,105,2
909,186,617,112,1
910,186,1038,90,1
911,187,129,92,3
912,187,95,118,3
913,187,66,104,1
914,187,644,93,3
915,187,771,91,2
916,188,961,97,3
917,188,1246,112,3
918,188,1109,115,1
919,189,214,106,1
920,189,668,113,1
921,189,179,98,2
922,189,877,94,2
923,190,431,107,3
924,191,219,106,1
925,191,1077,93,2
926,191,130,92,2
927,191,74,118,1
928,191,23,96,2
929,191,282,105,1
930,192,863,113,2
931,192,390,119,3
932,192,990,106,3
933,192,920,96,3
934,192,9,96,3
935,192,664,93,1
936,192,573,100,3
937,193,1084,93,2
938,193,63,104,3
939,193,396,119,2
940,193,762,109,1
941,193,593,100,2
942,193,1061,93,2
943,193,656,93,3
944,193,727,119,1
945,194,371,94,1
946,194,303,105,3
947,194,954,97,1
948,194,893,94,1
949,194,25,96,1
950,194,179,98,3
951,194,71,118,3
952,195,495,102,3
953,195,1212,105,2
954,195,370,94,2
955,196,1053,93,3
956,196,948,97,2
957,196,1127,102,1
958,196,750,109,1
959,196,239,106,3
960,196,306,105,2
961,197,1065,93,1
962,197,1244,112,2
963,197,697,113,2
964,197,254,95,3
965,197,864,113,1
966,198,172,91,3
967,198,204,98,2
968,198,1259,112,2
969,199,78,118,2
970,199,1057,93,3
971,199,655,93,3
972,199,249,95,3
973,200,758,109,3
974,200,1158,99,2
975,200,964,97,2
976,200,135,92,2
977,200,842,113,3
978,200,992,106,1
979,201,974,97,3
980,201,1085,115,2
981,201,451,107,2
982,201,27,96,2
983,201,486,118,1
984,202,104,118,3
985,202,182,98,3
986,202,1177,99,1
987,202,174,91,3
988,202,224,106,1
989,202,860,113,1
990,203,574,100,1
991,203,1058,93,2
992,203,1170,99,2
993,203,1229,112,1
994,203,1104,115,3
995,204,879,94,1
996,204,325,109,2
997,204,649,93,1
998,204,484,118,2
999,205,502,102,2
1000,205,506,102,2
1001,205,230,106,1
1002,206,249,95,1
1003,206,66,104,3
1004,206,340,109,2
1005,206,541,98,2
1006,206,912,96,1
1007,206,553,98,3
1008,207,403,119,1
1009,207,327,109,3
1010,207,1017,90,1
1011,207,839,117,2
1012,208,501,102,2
1013,208,231,106,2
1014,208,895,94,1
1015,208,744,109,1
1016,208,1006,106,1
1017,208,486,118,3
1018,209,837,117,1
1019,209,428,107,2
1020,209,1220,105,1
1021,209,29,96,2
1022,210,412,119,3
1023,210,546,98,3
1024,211,1253,112,2
1025,211,430,107,2
1026,211,152,91,3
1027,211,519,102,1
1028,211,573,100,3
1029,212,1087,115,3
1030,212,317,109,3
1031,212,627,112,1
1032,212,517,102,2
1033,212,1174,99,1
1034,212,362,94,3
1035,212,172,91,2
1036,212,1006,106,1
1037,213,262,95,3
1038,213,907,94,1
1039,213,759,109,3
1040,213,1007,106,2
1041,213,737,109,1
1042,213,55,104,1
1043,213,522,102,3
1044,214,667,113,3
1045,214,1111,115,1
1046,214,415,119,1
1047,214,740,109,1
1048,215,207,98,1
1049,215,618,112,2
1050,215,780,91,3
1051,215,793,91,2
1052,216,370,94,1
1053,216,118,92,1
1054,216,731,119,2
1055,216,303,105,1
1056,216,493,102,3
1057,217,1149,102,3
1058,217,865,113,1
1059,217,871,113,3
1060,217,245,95,2
1061,217,277,95,3
1062,217,1058,93,1
1063,217,1029,90,3
1064,218,360,94,1
1065,218,478,118,2
1066,218,1219,105,3
1067,219,279,95,2
1068,219,872,113,1
1069,219,288,105,1
1070,219,956,97,1
1071,220,878,94,2
1072,220,1000,106,3
1073,220,97,118,1
1074,220,472,118,3
1075,221,824,117,3
1076,221,348,109,2
1077,221,416,119,3
1078,221,700,119,1
1079,222,908,94,3
1080,222,796,91,2
1081,222,490,102,3
1082,223,883,94,3
1083,223,373,94,1
1084,223,832,117,1
1085,223,13,96,1
1086,223,1117,115,3
1087,223,91,118,2
1088,223,583,100,3
1089,224,449,107,2
1090,224,57,104,2
1091,224,179,98,3
1092,224,516,102,3
1093,225,687,113,2
1094,225,382,94,1
1095,225,575,100,2
1096,225,328,109,2
1097,225,318,109,3
1098,225,243,106,3
1099,226,711,119,2
1100,226,1128,102,3
1101,226,206,98,1
1102,226,972,97,1
1103,226,860,113,3
1104,226,683,113,2
1105,226,900,94,2
1106,226,512,102,2
1107,226,517,102,1
1108,228,478,118,3
1109,228,904,94,1
1110,228,123,92,1
1111,228,1026,90,3
1112,228,381,94,2
1113,229,523,102,2
1114,229,695,113,1
1115,229,145,91,3
1116,230,1146,102,1
1117,230,51,104,1
1118,230,657,93,1
1119,231,192,98,2
1120,231,646,93,2
1121,231,1,96,1
1122,231,740,109,1
1123,231,126,92,2
1124,232,794,91,3
1125,232,246,95,2
1126,232,447,107,2
1127,232,43,104,3
1128,232,1182,99,3
1129,233,218,106,3
1130,233,1191,105,2
1131,233,886,94,1
1132,233,701,119,3
1133,234,941,96,3
1134,234,244,106,3
1135,234,174,91,1
1136,235,1213,105,3
1137,235,140,91,3
1138,235,78,118,2
1139,235,950,97,2
1140,235,801,91,3
1141,236,17,96,2
1142,236,566,100,1
1143,236,844,113,1
1144,236,640,93,1
1145,236,1189,99,1
1146,236,160,91,2
1147,237,17,96,2
1148,237,1009,106,1
1149,237,268,95,2
1150,237,502,102,2
1151,237,74,118,3
1152,238,1024,90,3
1153,238,883,94,2
1154,238,101,118,3
1155,238,313,105,3
1156,238,179,98,2
1157,238,340,109,1
1158,239,1177,99,3
1159,239,445,107,3
1160,240,1009,106,1
1161,240,259,95,2
1162,240,473,118,1
1163,240,124,92,3
1164,240,9,96,1
1165,240,298,105,3
1166,241,400,119,2
1167,241,1051,93,2
1168,241,333,109,2
1169,242,26,96,3
1170,242,1002,106,3
1171,242,877,94,1
1172,242,950,97,1
1173,242,182,98,3
1174,242,729,119,3
1175,243,389,119,1
1176,243,567,100,3
1177,244,429,107,3
1178,244,896,94,3
1179,244,777,91,1
1180,244,205,98,2
1181,244,651,93,3
1182,245,1059,93,3
1183,245,655,93,2
1184,245,472,118,3
1185,245,1050,93,2
1186,246,485,118,1
1187,246,627,112,3
1188,246,450,107,2
1189,246,1250,112,1
1190,247,1220,105,3
1191,247,1208,105,1
1192,247,152,91,3
1193,248,1121,102,2
1194,248,835,117,3
1195,248,689,113,3
1196,248,889,94,2
1197,248,1171,99,3
1198,248,192,98,1
1199,248,254,95,1
1200,248,262,95,1
1201,249,1186,99,2
1202,249,241,106,1
1203,249,928,96,1
1204,249,51,104,3
1205,249,547,98,2
1206,249,729,119,2
1207,249,935,96,2
1208,250,41,104,3
1209,250,540,98,2
1210,250,880,94,1
1211,250,219,106,3
1212,250,600,112,1
1213,251,790,91,1
1214,251,551,98,3
1215,251,1015,90,2
1216,251,26,96,3
1217,252,772,91,1
1218,252,397,119,2
1219,252,524,102,2
1220,252,662,93,3
1221,252,728,119,3
1222,252,859,113,2
1223,252,627,112,3
1224,252,98,118,3
1225,252,364,94,3
1226,252,1104,115,2
1227,253,797,91,3
1228,253,1065,93,2
1229,253,740,109,2
1230,254,1186,99,2
1231,254,816,117,1
1232,254,175,98,2
1233,254,664,93,2
1234,255,806,117,3
1235,255,437,107,2
1236,256,1051,93,1
1237,256,178,98,3
1238,256,118,92,3
1239,256,1018,90,1
1240,256,36,104,2
1241,257,976,97,2
1242,257,1124,102,2
1243,257,61,104,1
1244,257,952,97,2
1245,257,796,91,3
1246,258,861,113,1
1247,258,669,113,1
1248,258,65,104,2
1249,258,35,104,1
1250,258,843,113,2
1251,258,348,109,3
1252,259,317,109,1
1253,259,777,91,3
1254,259,162,91,2
1255,260,828,117,2
1256,260,1095,115,1
1257,260,1213,105,2
1258,260,241,106,2
1259,260,563,100,1
1260,260,1096,115,2
1261,261,961,97,2
1262,261,920,96,3
1263,261,886,94,3
1264,261,425,107,1
1265,262,1062,93,3
1266,262,814,117,1
1267,262,507,102,2
1268,262,553,98,2
1269,263,355,94,1
1270,263,289,105,3
1271,263,1157,99,2
1272,263,473,118,3
1273,263,293,105,1
1274,264,1211,105,3
1275,264,633,93,3
1276,264,1024,90,2
1277,264,396,119,3
1278,264,1137,102,1
1279,264,13,96,2
1280,265,1029,90,2
1281,265,742,109,2
1282,265,364,94,1
1283,265,479,118,1
1284,265,813,117,1
1285,265,630,93,1
1286,265,462,118,1
1287,266,209,98,1
1288,266,229,106,2
1289,266,318,109,2
1290,266,224,106,2
1291,266,1212,105,1
1292,266,1258,112,2
1293,266,1098,115,1
1294,267,252,95,1
1295,267,298,105,2
1296,267,372,94,3
1297,267,1069,93,3
1298,268,1117,115,1
1299,268,1224,105,1
1300,269,1210,105,3
1301,269,730,119,3
1302,269,103,118,2
1303,270,390,119,1
1304,270,313,105,2
1305,270,1150,102,2
1306,270,857,113,3
1307,270,1138,102,2
1308,270,1128,102,1
1309,271,1103,115,3
1310,271,253,95,1
1311,271,999,106,1
1312,271,943,96,1
1313,272,826,117,1
1314,273,889,94,2
1315,273,749,109,1
1316,273,596,112,3
1317,273,522,102,1
1318,274,942,96,1
1319,274,1140,102,2
1320,274,73,118,3
1321,274,1225,112,1
1322,274,513,102,3
1323,274,581,100,1
1324,275,4,96,3
1325,275,1217,105,3
1326,275,1190,105,3
1327,275,420,107,2
1328,275,867,113,1
1329,276,1134,102,3
1330,276,951,97,1
1331,276,1178,99,1
1332,276,1060,93,3
1333,277,690,113,2
1334,277,944,96,2
1335,277,1180,99,2
1336,277,181,98,2
1337,277,740,109,3
1338,277,1037,90,3
1339,277,126,92,2
1340,278,1193,105,2
1341,278,534,98,2
1342,278,92,118,3
1343,278,248,95,1
1344,278,637,93,1
1345,278,232,106,1
1346,279,560,100,3
1347,279,15,96,2
1348,279,997,106,3
1349,279,707,119,1
1350,279,1073,93,1
1351,279,136,92,1
1352,279,755,109,3
1353,280,502,102,1
1354,280,1159,99,3
1355,280,459,118,1
1356,281,649,93,1
1357,281,994,106,3
1358,281,486,118,3
1359,281,639,93,1
1360,281,1157,99,3
1361,281,624,112,1
1362,281,321,109,1
1363,281,363,94,3
1364,281,51,104,3
1365,282,52,104,2
1366,282,537,98,1
1367,282,481,118,1
1368,282,1207,105,2
1369,282,611,112,1
1370,282,427,107,2
1371,282,74,118,2
1372,282,1106,115,2
1373,283,67,104,1
1374,283,1239,112,1
1375,283,1213,105,3
1376,283,1119,115,3
1377,283,168,91,2
1378,283,606,112,1
1379,283,1113,115,1
1380,283,288,105,1
1381,283,392,119,3
1382,284,1057,93,1
1383,284,1016,90,2
1384,285,1223,105,2
1385,285,948,97,2
1386,286,740,109,1
1387,286,982,106,3
1388,286,719,119,3
1389,286,802,91,2
1390,286,285,105,3
1391,286,741,109,1
1392,287,977,97,1
1393,287,607,112,3
1394,287,755,109,3
1395,288,84,118,3
1396,288,519,102,3
1397,288,715,119,1
1398,288,519,102,3
1399,288,788,91,2
1400,288,888,94,3
1401,288,1203,105,1
1402,288,847,113,2
1403,288,395,119,1
1404,289,828,117,2
1405,289,422,107,1
1406,289,1141,102,1
1407,289,599,112,2
1408,289,481,118,2
1409,289,736,109,2
1410,289,45,104,3
1411,289,1045,90,1
1412,289,463,118,2
1413,289,1150,102,2
1414,290,780,91,1
1415,290,770,91,3
1416,290,916,96,2
1417,290,843,113,3
1418,290,143,91,1
1419,291,443,107,3
1420,291,810,117,3
1421,291,800,91,3
1422,291,287,105,2
1423,291,222,106,1
1424,291,806,117,1
1425,292,946,97,3
1426,292,692,113,3
1427,292,1246,112,1
1428,292,925,96,2
1429,292,189,98,3
1430,292,1250,112,2
1431,293,740,109,2
1432,293,982,106,2
1433,293,1122,102,2
1434,293,1050,93,1
1435,293,1055,93,2
1436,293,105,92,3
1437,293,317,109,1
1438,294,539,98,1
1439,294,566,100,3
1440,294,1241,112,2
1441,294,181,98,1
1442,294,25,96,1
1443,294,1219,105,1
1444,295,865,113,1
1445,295,571,100,2
1446,296,100,118,1
1447,296,49,104,2
1448,296,466,118,3
1449,296,103,118,3
1450,296,343,109,2
1451,297,1235,112,3
1452,297,247,95,1
1453,297,416,119,2
1454,297,845,113,1
1455,297,752,109,1
1456,297,892,94,3
1457,297,672,113,2
1458,297,854,113,2
1459,297,757,109,1
1460,297,971,97,2
1461,298,978,97,2
1462,298,667,113,2
1463,298,672,113,1
1464,298,767,109,2
1465,298,1081,93,3
1466,298,555,98,2
1467,299,153,91,2
1468,299,143,91,3
1469,299,694,113,3
1470,299,199,98,1
1471,299,492,102,3
1472,299,149,91,2
1473,299,1242,112,3
1474,300,523,102,2
1475,301,1035,90,2
1476,301,814,117,3
1477,301,141,91,3
1478,301,266,95,3
1479,301,947,97,2
1480,301,1094,115,2
1481,302,1052,93,1
1482,302,528,98,2
1483,302,926,96,1
1484,303,595,112,2
1485,303,589,100,1
1486,303,3,96,2
1487,303,399,119,3
1488,304,155,91,3
1489,304,605,112,3
1490,304,104,118,3
1491,304,850,113,3
1492,304,98,118,2
1493,305,706,119,3
1494,305,504,102,1
1495,305,188,98,2
1496,305,308,105,2
1497,306,768,109,3
1498,307,349,109,1
1499,307,886,94,3
1500,307,1070,93,2
1501,307,1177,99,3
1502,308,598,112,1
1503,308,678,113,3
1504,308,944,96,3
1505,309,406,119,1
1506,309,350,94,2
1507,310,640,93,2
1508,310,1036,90,2
1509,310,78,118,1
1510,310,1105,115,3
1511,310,870,113,2
1512,311,317,109,2
1513,311,39,104,3
1514,311,399,119,1
1515,311,1191,105,1
1516,312,285,105,2
1517,312,31,96,2
1518,312,899,94,3
1519,312,713,119,1
1520,312,155,91,2
1521,312,78,118,2
1522,312,895,94,3
1523,312,684,113,2
1524,312,836,117,1
1525,312,1239,112,3
1526,312,949,97,1
1527,313,540,98,3
1528,313,196,98,1
1529,313,1129,102,2
1530,313,1063,93,3
1531,313,420,107,2
1532,313,123,92,3
1533,313,527,98,3
1534,313,2,96,1
1535,314,869,113,2
1536,314,815,117,3
1537,314,884,94,3
1538,314,1257,112,3
1539,314,205,98,1
1540,314,829,117,3
1541,314,935,96,3
1542,315,677,113,1
1543,315,1089,115,1
1544,315,145,91,3
1545,316,1079,93,3
1546,316,170,91,1
1547,316,1071,93,2
1548,316,103,118,3
1549,317,254,95,3
1550,317,414,119,2
1551,318,634,93,1
1552,318,854,113,1
1553,318,542,98,2
1554,319,1152,102,1
1555,319,1202,105,1
1556,319,1160,99,1
1557,319,162,91,3
1558,319,385,119,1
1559,320,940,96,1
1560,320,596,112,3
1561,320,1137,102,3
1562,320,1235,112,3
1563,320,836,117,1
1564,320,844,113,2
1565,321,457,118,2
1566,321,933,96,3
1567,321,673,113,1
1568,321,615,112,2
1569,321,1020,90,1
1570,321,892,94,1
1571,321,612,112,1
1572,321,887,94,2
1573,321,944,96,2
1574,322,236,106,2
1575,322,797,91,2
1576,322,997,106,2
1577,322,967,97,1
1578,322,537,98,2
1579,322,348,109,1
1580,322,152,91,3
1581,323,943,96,2
1582,323,635,93,3
1583,323,1000,106,3
1584,323,444,107,1
1585,323,787,91,2
1586,323,357,94,3
1587,323,41,104,2
1588,323,1066,93,2
1589,324,122,92,2
1590,324,135,92,3
1591,324,647,93,3
1592,324,269,95,2
1593,324,741,109,3
1594,325,869,113,3
1595,325,863,113,1
1596,326,390,119,2
1597,326,550,98,1
1598,326,695,113,3
1599,327,1030,90,2
1600,327,60,104,1
1601,327,421,107,1
1602,327,104,118,1
1603,327,508,102,3
1604,327,707,119,3
1605,327,102,118,1
1606,327,889,94,1
1607,328,8,96,1
1608,328,1069,93,3
1609,328,1145,102,1
1610,329,1041,90,2
1611,329,1110,115,1
1612,329,887,94,1
1613,329,751,109,1
1614,329,186,98,3
1615,329,220,106,1
1616,330,1226,112,2
1617,330,809,117,3
1618,330,87,118,2
1619,330,1132,102,2
1620,330,1071,93,2
1621,330,263,95,1
1622,330,569,100,1
1623,330,1223,105,3
1624,331,1141,102,2
1625,333,196,98,1
1626,333,1092,115,3
1627,333,885,94,3
1628,333,903,94,1
1629,333,822,117,1
1630,333,124,92,3
1631,333,452,107,3
1632,334,762,109,3
1633,334,777,91,3
1634,334,282,105,2
1635,334,1148,102,2
1636,334,102,118,2
1637,334,599,112,1
1638,334,1188,99,1
1639,335,551,98,2
1640,335,6,96,1
1641,335,140,91,2
1642,336,808,117,2
1643,336,578,100,1
1644,336,978,97,3
1645,336,358,94,1
1646,336,620,112,2
1647,337,922,96,2
1648,337,264,95,2
1649,337,161,91,1
1650,337,460,118,2
1651,337,389,119,1
1652,337,662,93,2
1653,338,1183,99,2
1654,338,640,93,1
1655,338,805,117,2
1656,338,383,94,2
1657,338,125,92,2
1658,339,525,98,2
1659,339,451,107,1
1660,339,383,94,2
1661,339,651,93,1
1662,339,762,109,2
1663,339,291,105,1
1664,339,543,98,1
1665,339,158,91,1
1666,340,1169,99,3
1667,340,1001,106,2
1668,340,696,113,2
1669,341,137,92,3
1670,341,502,102,2
1671,341,95,118,3
1672,341,501,102,3
1673,341,1143,102,3
1674,341,409,119,1
1675,341,416,119,3
1676,341,1097,115,3
1677,342,919,96,3
1678,342,1066,93,1
1679,342,1149,102,2
1680,342,1016,90,3
1681,342,596,112,1
1682,342,490,102,2
1683,343,830,117,1
1684,343,378,94,2
1685,343,756,109,3
1686,344,913,96,2
1687,344,466,118,3
1688,345,428,107,1
1689,345,657,93,1
1690,345,608,112,1
1691,345,1181,99,2
1692,346,383,94,1
1693,346,730,119,1
1694,346,15,96,3
1695,346,1145,102,3
1696,346,194,98,1
1697,346,591,100,1
1698,346,74,118,2
1699,346,776,91,1
1700,346,1210,105,2
1701,347,953,97,2
1702,347,489,118,1
1703,347,957,97,1
1704,347,644,93,3
1705,348,619,112,3
1706,348,349,109,3
1707,348,856,113,3
1708,348,349,109,2
1709,348,833,117,3
1710,348,880,94,2
1711,349,135,92,1
1712,349,112,92,2
1713,349,71,118,1
1714,349,774,91,1
1715,349,572,100,2
1716,349,471,118,3
1717,350,314,105,3
1718,350,385,119,3
1719,350,997,106,1
1720,350,336,109,1
1721,350,501,102,2
1722,350,308,105,1
1723,351,125,92,2
1724,351,887,94,1
1725,351,1206,105,2
1726,351,902,94,2
1727,351,344,109,3
1728,351,881,94,3
1729,351,1055,93,2
1730,351,1048,90,3
1731,351,1071,93,1
1732,352,636,93,2
1733,352,1241,112,1
1734,352,571,100,3
1735,352,233,106,2
1736,352,146,91,2
1737,352,892,94,2
1738,353,18,96,2
1739,353,396,119,1
1740,353,174,91,3
1741,353,1,96,3
1742,353,87,118,3
1743,353,948,97,1
1744,353,594,100,1
1745,354,620,112,2
1746,354,324,109,1
1747,354,147,91,1
1748,354,550,98,3
1749,354,976,97,1
1750,354,409,119,2
1751,354,713,119,3
1752,355,72,118,2
1753,355,134,92,2
1754,355,379,94,1
1755,355,200,98,2
1756,356,397,119,3
1757,356,554,98,3
1758,356,1209,105,2
1759,356,1169,99,2
1760,356,716,119,3
1761,356,149,91,1
1762,356,727,119,1
1763,357,706,119,3
1764,357,264,95,2
1765,358,620,112,1
1766,358,385,119,3
1767,358,8,96,2
1768,358,327,109,2
1769,358,259,95,1
1770,358,288,105,2
1771,358,538,98,3
1772,358,94,118,3
1773,358,6,96,2
1774,359,222,106,3
1775,359,694,113,2
1776,359,1069,93,1
1777,359,1193,105,1
1778,360,1053,93,2
1779,360,913,96,2
1780,360,98,118,2
1781,361,465,118,3
1782,361,685,113,1
1783,361,992,106,2
1784,361,804,91,1
1785,361,1074,93,2
1786,361,1042,90,1
1787,362,788,91,1
1788,362,5,96,2
1789,362,1153,102,3
1790,362,816,117,1
1791,363,1003,106,3
1792,363,391,119,2
1793,364,464,118,3
1794,364,365,94,2
1795,364,703,119,2
1796,364,581,100,1
1797,365,789,91,3
1798,365,539,98,2
1799,365,201,98,3
1800,365,532,98,1
1801,365,414,119,2
1802,365,589,100,3
1803,365,111,92,2
1804,366,793,91,1
1805,366,350,94,3
1806,366,171,91,3
1807,366,1223,105,2
1808,366,1155,99,2
1809,367,584,100,2
1810,367,197,98,2
1811,367,666,113,2
1812,367,1159,99,1
1813,367,1239,112,3
1814,367,1183,99,3
1815,367,821,117,2
1816,368,1014,106,2
1817,368,964,97,3
1818,368,517,102,1
1819,368,863,113,3
1820,368,1156,99,3
1821,369,729,119,2
1822,369,380,94,1
1823,369,1033,90,3
1824,369,749,109,2
1825,370,387,119,2
1826,370,663,93,2
1827,370,84,118,1
1828,370,354,94,1
1829,370,901,94,2
1830,370,1141,102,1
1831,370,30,96,2
1832,370,334,109,1
1833,370,1125,102,3
1834,370,944,96,3
1835,371,475,118,1
1836,371,291,105,2
1837,371,147,91,3
1838,371,628,112,2
1839,371,643,93,2
1840,371,540,98,3
1841,371,1013,106,1
1842,372,626,112,1
1843,372,947,97,2
1844,372,79,118,1
1845,372,813,117,1
1846,372,1126,102,3
1847,372,275,95,1
1848,373,86,118,1
1849,373,36,104,3
1850,373,1232,112,2
1851,373,1116,115,2
1852,373,213,106,1
1853,373,370,94,1
1854,373,830,117,3
1855,374,557,98,2
1856,374,86,118,2
1857,374,182,98,3
1858,374,1182,99,3
1859,374,316,109,3
1860,374,266,95,3
1861,374,1230,112,1
1862,375,778,91,1
1863,375,1122,102,2
1864,375,654,93,3
1865,376,217,106,1
1866,376,1039,90,3
1867,376,268,95,3
1868,376,966,97,1
1869,376,206,98,1
1870,376,973,97,1
1871,376,587,100,2
1872,376,110,92,2
1873,377,1145,102,1
1874,377,1006,106,3
1875,377,197,98,2
1876,377,235,106,3
1877,377,968,97,1
1878,377,851,113,2
1879,377,628,112,1
1880,377,126,92,1
1881,378,674,113,1
1882,378,1253,112,2
1883,378,715,119,2
1884,379,111,92,1
1885,379,1016,90,1
1886,379,530,98,1
1887,379,581,100,3
1888,379,983,106,1
1889,379,533,98,1
1890,379,82,118,1
1891,379,221,106,2
1892,380,87,118,1
1893,380,393,119,3
1894,380,49,104,2
1895,380,182,98,3
1896,380,1256,112,2
1897,380,522,102,1
1898,380,616,112,2
1899,381,842,113,3
1900,381,440,107,3
1901,381,472,118,3
1902,381,1218,105,3
1903,381,703,119,3
1904,381,1079,93,2
1905,381,1114,115,3
1906,382,971,97,2
1907,382,650,93,3
1908,382,1022,90,1
1909,382,894,94,1
1910,383,565,100,3
1911,383,1233,112,1
1912,383,504,102,2
1913,383,882,94,1
1914,383,968,97,1
1915,383,805,117,1
1916,384,303,105,2
1917,384,810,117,2
1918,384,569,100,2
1919,385,278,95,2
1920,385,440,107,2
1921,385,678,113,1
1922,385,1172,99,1
1923,386,1064,93,3
1924,386,971,97,2
1925,386,744,109,2
1926,387,376,94,3
1927,387,969,97,3
1928,387,415,119,1
1929,387,256,95,1
1930,387,82,118,1
1931,387,283,105,2
1932,388,45,104,2
1933,388,15,96,2
1934,388,670,113,2
1935,388,579,100,1
1936,389,632,93,3
1937,389,582,100,3
1938,389,165,91,1
1939,389,440,107,2
1940,389,929,96,3
1941,389,1071,93,2
1942,390,1101,115,3
1943,390,405,119,3
1944,390,685,113,2
1945,391,850,113,2
1946,391,607,112,1
1947,391,872,113,2
1948,391,1155,99,1
1949,391,1114,115,3
1950,391,431,107,3
1951,391,734,119,2
1952,392,1181,99,3
1953,392,79,118,1
1954,392,1156,99,2
1955,392,1056,93,1
1956,393,396,119,2
1957,393,1143,102,3
1958,393,103,118,2
1959,393,1207,105,3
1960,393,649,93,2
1961,394,557,98,1
1962,394,567,100,3
1963,394,179,98,1
1964,394,933,96,3
1965,394,537,98,3
1966,394,1004,106,3
1967,394,226,106,3
1968,395,1180,99,2
1969,395,1249,112,3
1970,395,270,95,2
1971,395,124,92,1
1972,395,587,100,2
1973,396,106,92,3
1974,396,739,109,2
1975,396,920,96,1
1976,396,1209,105,2
1977,397,1181,99,2
1978,397,1080,93,2
1979,397,963,97,3
1980,398,503,102,1
1981,398,472,118,1
1982,398,611,112,1
1983,399,305,105,3
1984,399,593,100,1
1985,399,865,113,2
1986,399,965,97,1
1987,399,1239,112,3
1988,400,57,104,3
1989,400,1037,90,2
1990,400,41,104,2
1991,400,1165,99,3
1992,400,236,106,1
1993,400,515,102,1
1994,400,187,98,1
1995,401,266,95,1
1996,401,791,91,2
1997,401,392,119,1
1998,401,137,92,1
1999,401,92,118,2
2000,401,647,93,2
2001,401,422,107,3
2002,402,577,100,2
2003,403,807,117,1
2004,403,405,119,3
2005,403,80,118,2
2006,403,810,117,3
2007,404,1153,102,1
2008,404,4,96,1
2009,405,317,109,3
2010,405,66,104,3
2011,405,932,96,2
2012,406,838,117,3
2013,406,1258,112,3
2014,406,26,96,1
2015,406,121,92,1
2016,406,92,118,3
2017,406,1184,99,2
2018,407,307,105,2
2019,407,602,112,1
2020,407,795,91,3
2021,408,949,97,3
2022,408,1201,105,1
2023,408,378,94,3
2024,408,994,106,1
2025,408,611,112,3
2026,408,399,119,2
2027,408,757,109,1
2028,408,1245,112,3
2029,409,772,91,2
2030,409,579,100,3
2031,409,1141,102,2
2032,409,279,95,3
2033,409,1230,112,3
2034,410,660,93,1
2035,410,1049,90,1
2036,411,564,100,3
2037,411,826,117,1
2038,411,508,102,1
2039,411,860,113,2
2040,411,410,119,1
2041,411,451,107,2
2042,412,1034,90,2
2043,412,314,105,1
2044,412,232,106,2
2045,412,721,119,1
2046,413,1204,105,2
2047,413,527,98,2
2048,413,707,119,3
2049,413,1234,112,2
2050,413,124,92,2
2051,413,306,105,3
2052,414,233,106,3
2053,414,932,96,1
2054,414,625,112,1
2055,415,190,98,2
2056,415,494,102,2
2057,415,833,117,2
2058,415,487,118,2
2059,415,260,95,2
2060,415,946,97,1
2061,415,983,106,1
2062,415,1149,102,2
2063,416,798,91,1
2064,416,1141,102,3
2065,416,270,95,1
2066,416,217,106,3
2067,416,1027,90,3
2068,416,33,96,1
2069,416,182,98,3
2070,417,173,91,3
2071,417,560,100,2
2072,417,963,97,1
2073,417,986,106,2
2074,417,1022,90,3
2075,417,1214,105,1
2076,418,1102,115,1
2077,418,970,97,3
2078,418,118,92,1
2079,418,436,107,1
2080,418,964,97,3
2081,419,989,106,3
2082,419,1135,102,2
2083,419,669,113,2
2084,419,691,113,3
2085,419,581,100,2
2086,419,34,96,2
2087,420,441,107,1
2088,420,109,92,3
2089,420,253,95,2
2090,420,960,97,3
2091,420,579,100,3
2092,421,767,109,2
2093,421,755,109,3
2094,421,146,91,3
2095,421,572,100,3
2096,421,634,93,2
2097,421,723,119,1
2098,422,859,113,3
2099,422,1214,105,1
2100,422,762,109,2
2101,422,1004,106,1
2102,422,1156,99,2
2103,423,306,105,3
2104,423,1182,99,2
2105,423,205,98,3
2106,423,38,104,2
2107,423,773,91,2
2108,423,544,98,2
2109,424,407,119,1
2110,424,759,109,1
2111,424,1078,93,2
2112,424,182,98,1
2113,424,833,117,1
2114,424,420,107,3
2115,424,1040,90,2
2116,424,454,107,1
2117,425,926,96,1
2118,425,313,105,3
2119,425,363,94,3
2120,425,785,91,2
2121,425,1074,93,3
2122,426,1031,90,2
2123,427,266,95,2
2124,427,1231,112,3
2125,427,752,109,3
2126,427,969,97,3
2127,427,766,109,1
2128,427,586,100,2
2129,427,27,96,3
2130,427,90,118,3
2131,427,710,119,2
2132,428,689,113,2
2133,428,910,96,1
2134,428,328,109,2
2135,429,397,119,2
2136,429,270,95,2
2137,430,989,106,1
2138,430,777,91,1
2139,430,1090,115,2
2140,431,570,100,1
2141,431,1212,105,1
2142,431,69,104,2
2143,431,165,91,2
2144,431,325,109,1
2145,432,191,98,3
2146,432,652,93,1
2147,432,769,109,2
2148,432,6,96,1
2149,433,841,113,1
2150,433,858,113,3
2151,434,272,95,3
2152,434,190,98,1
2153,434,465,118,2
2154,434,128,92,2
2155,434,278,95,1
2156,434,310,105,3
2157,434,172,91,3
2158,434,803,91,3
2159,435,678,113,3
2160,435,269,95,3
2161,435,889,94,2
2162,435,77,118,2
2163,435,754,109,2
2164,436,583,100,3
2165,436,579,100,1
2166,437,243,106,2
2167,437,363,94,1
2168,437,43,104,3
2169,437,308,105,3
2170,437,523,102,1
2171,437,1176,99,3
2172,438,884,94,2
2173,438,856,113,1
2174,438,491,102,2
2175,438,214,106,2
2176,439,1087,115,3
2177,439,164,91,2
2178,439,669,113,2
2179,439,1036,90,3
2180,439,400,119,1
2181,439,1025,90,2
2182,439,137,92,1
2183,439,942,96,2
2184,440,1158,99,3
2185,440,105,92,2
2186,440,762,109,2
2187,440,1130,102,1
2188,440,882,94,1
2189,440,120,92,3
2190,441,1155,99,1
2191,441,974,97,1
2192,441,611,112,3
2193,441,642,93,1
2194,441,756,109,3
2195,441,447,107,3
2196,441,199,98,2
2197,441,169,91,3
2198,442,1242,112,2
2199,442,970,97,1
2200,442,873,113,1
2201,443,513,102,2
2202,443,380,94,2
2203,443,46,104,2
2204,444,39,104,3
2205,444,263,95,1
2206,444,178,98,1
2207,445,561,100,3
2208,445,1096,115,2
2209,446,201,98,3
2210,446,932,96,3
2211,446,33,96,2
2212,446,541,98,3
2213,446,725,119,1
2214,447,1095,115,1
2215,447,1124,102,2
2216,447,14,96,2
2217,447,701,119,3
2218,447,427,107,3
2219,447,719,119,1
2220,448,1030,90,2
2221,448,136,92,2
2222,448,95,118,2
2223,449,923,96,3
2224,449,1094,115,2
2225,449,425,107,1
2226,449,1177,99,1
2227,450,277,95,3
2228,450,955,97,1
2229,450,306,105,3
2230,450,837,117,1
2231,450,517,102,1
2232,450,216,106,3
2233,451,688,113,1
2234,451,234,106,2
2235,451,778,91,1
2236,451,183,98,2
2237,452,797,91,1
2238,452,526,98,1
2239,453,728,119,1
2240,453,305,105,1
2241,454,669,113,3
2242,454,693,113,1
2243,454,286,105,2
2244,454,382,94,2
2245,455,211,106,3
2246,455,783,91,2
2247,456,15,96,3
2248,456,15,96,2
2249,457,771,91,3
2250,457,1119,115,3
2251,457,543,98,3
2252,457,741,109,1
2253,457,853,113,3
2254,458,927,96,3
2255,458,119,92,3
2256,458,459,118,3
2257,458,369,94,2
2258,458,901,94,1
2259,458,319,109,3
2260,459,595,112,2
2261,459,752,109,2
2262,459,35,104,1
2263,459,613,112,2
2264,459,535,98,1
2265,460,447,107,2
2266,460,967,97,1
2267,460,422,107,2
2268,461,13,96,1
2269,461,1072,93,1
2270,461,835,117,3
2271,461,688,113,2
2272,461,1096,115,2
2273,461,944,96,2
2274,462,778,91,2
2275,462,493,102,3
2276,462,1083,93,3
2277,462,262,95,3
2278,462,1203,105,1
2279,462,205,98,1
2280,463,92,118,2
2281,463,986,106,3
2282,463,729,119,1
2283,463,456,118,3
2284,463,864,113,3
2285,464,1235,112,1
2286,464,498,102,2
2287,464,495,102,3
2288,464,18,96,3
2289,464,263,95,2
2290,464,205,98,3
2291,464,691,113,3
2292,465,1118,115,3
2293,465,1259,112,2
2294,465,811,117,1
2295,465,408,119,1
2296,465,1010,106,2
2297,466,1188,99,1
2298,466,733,119,3
2299,466,718,119,1
2300,466,1157,99,1
2301,467,356,94,1
2302,467,1152,102,1
2303,467,1210,105,3
2304,467,694,113,1
2305,467,979,97,1
2306,467,625,112,3
2307,468,287,105,1
2308,468,365,94,1
2309,468,242,106,2
2310,468,331,109,3
2311,468,171,91,1
2312,468,940,96,1
2313,469,312,105,2
2314,470,918,96,3
2315,470,1095,115,2
2316,471,775,91,3
2317,471,689,113,2
2318,471,589,100,3
2319,471,376,94,3
2320,472,34,96,3
2321,472,716,119,3
2322,472,1207,105,3
2323,472,886,94,2
2324,472,511,102,2
2325,472,46,104,3
2326,473,104,118,2
2327,474,114,92,1
2328,474,728,119,3
2329,474,89,118,1
2330,474,1069,93,1
2331,474,229,106,1
2332,474,988,106,1
2333,474,724,119,2
2334,474,184,98,1
2335,474,1154,102,2
2336,475,1204,105,2
2337,475,1149,102,1
2338,475,1250,112,1
2339,475,630,93,2
2340,475,722,119,1
2341,475,1035,90,2
2342,475,113,92,2
2343,475,97,118,2
2344,476,368,94,2
2345,476,253,95,1
2346,476,651,93,3
2347,476,696,113,2
2348,476,400,119,2
2349,476,982,106,3
2350,477,1023,90,2
2351,477,826,117,1
2352,477,208,98,2
2353,477,680,113,1
2354,477,95,118,2
2355,478,74,118,2
2356,478,641,93,1
2357,478,1193,105,2
2358,478,1056,93,3
2359,478,1076,93,2
2360,478,214,106,2
2361,478,816,117,2
2362,479,518,102,2
2363,479,646,93,2
2364,479,1161,99,3
2365,479,477,118,2
2366,479,434,107,1
2367,480,1079,93,2
2368,480,1113,115,3
2369,480,1044,90,2
2370,480,1049,90,1
2371,481,1000,106,2
2372,481,329,109,1
2373,481,1197,105,3
2374,481,395,119,2
2375,481,1038,90,3
2376,481,339,109,3
2377,481,201,98,3
2378,482,630,93,3
2379,482,877,94,1
2380,482,724,119,2
2381,482,1133,102,3
2382,483,537,98,1
2383,483,1209,105,1
2384,483,779,91,3
2385,483,812,117,1
2386,483,1188,99,1
2387,483,415,119,1
2388,483,505,102,2
2389,484,981,106,3
2390,485,1065,93,2
2391,486,358,94,3
2392,486,1184,99,1
2393,486,1052,93,3
2394,486,359,94,1
2395,487,758,109,2
2396,487,851,113,2
2397,487,906,94,2
2398,487,1103,115,1
2399,487,676,113,1
2400,487,329,109,1
2401,487,814,117,2
2402,488,529,98,3
2403,488,42,104,1
2404,488,1077,93,3
2405,488,853,113,2
2406,488,1157,99,2
2407,489,74,118,3
2408,489,954,97,1
2409,489,798,91,3
2410,489,770,91,2
2411,489,1062,93,2
2412,489,339,109,1
2413,490,246,95,3
2414,490,1016,90,2
2415,490,1206,105,2
2416,491,923,96,1
2417,491,663,93,2
2418,491,843,113,1
2419,491,816,117,3
2420,491,1256,112,2
2421,492,1043,90,3
2422,492,379,94,3
2423,492,1205,105,2
2424,492,837,117,1
2425,492,1023,90,1
2426,492,630,93,2
2427,492,31,96,3
2428,493,578,100,3
2429,493,466,118,3
2430,493,1129,102,3
2431,493,274,95,1
2432,493,148,91,3
2433,493,756,109,1
2434,494,409,119,3
2435,494,475,118,3
2436,494,469,118,3
2437,494,608,112,2
2438,494,491,102,1
2439,494,502,102,3
2440,494,450,107,2
2441,494,389,119,3
2442,495,779,91,3
2443,495,363,94,2
2444,495,819,117,1
2445,496,437,107,1
2446,496,1254,112,2
2447,496,411,119,3
2448,496,843,113,2
2449,496,1222,105,3
2450,496,1173,99,1
2451,497,968,97,1
2452,497,332,109,3
2453,498,323,109,2
2454,498,1042,90,1
2455,498,132,92,2
2456,498,1116,115,1
2457,499,180,98,1
2458,499,1022,90,1
2459,499,17,96,2
2460,499,1217,105,3
2461,499,96,118,3
2462,499,1104,115,3
2463,499,889,94,3
2464,499,132,92,3
2465,500,1169,99,1
2466,500,112,92,2
2467,500,100,118,2
2468,500,284,105,2
2469,500,1012,106,2
2470,500,965,97,1
2471,500,943,96,1
2472,501,227,106,1
2473,501,1082,93,2
2474,501,1029,90,2
2475,501,193,98,1
2476,501,409,119,3
2477,501,737,109,2
2478,501,808,117,1
2479,501,667,113,1
2480,502,254,95,3
2481,502,978,97,2
2482,502,1199,105,3
2483,502,1107,115,3
2484,502,7,96,2
2485,502,720,119,1
2486,502,396,119,3
2487,503,1073,93,2
2488,503,974,97,1
2489,503,526,98,3
2490,503,606,112,2
2491,503,336,109,2
2492,503,722,119,2
2493,504,754,109,3
2494,504,425,107,1
2495,504,1068,93,2
2496,504,618,112,3
2497,504,350,94,1
2498,504,554,98,1
2499,504,1086,115,3
2500,505,1024,90,3
2501,505,210,106,3
2502,505,1009,106,2
2503,505,485,118,2
2504,505,736,109,1
2505,505,413,119,2
2506,506,822,117,2
2507,506,839,117,2
2508,506,1029,90,2
2509,506,757,109,2
2510,506,1078,93,3
2511,507,1145,102,1
2512,507,310,105,3
2513,507,860,113,2
2514,507,814,117,1
2515,507,504,102,1
2516,508,1047,90,1
2517,508,773,91,2
2518,508,400,119,3
2519,508,632,93,2
2520,508,1017,90,2
2521,508,16,96,2
2522,508,718,119,1
2523,508,24,96,1
2524,508,506,102,1
2525,509,457,118,2
2526,509,126,92,2
2527,509,841,113,3
2528,509,513,102,3
2529,509,624,112,2
2530,510,643,93,1
2531,510,1241,112,3
2532,510,49,104,1
2533,510,893,94,1
2534,510,1034,90,3
2535,510,1023,90,2
2536,510,1158,99,3
2537,510,413,119,2
2538,511,608,112,1
2539,511,1252,112,2
2540,511,147,91,2
2541,511,1220,105,3
2542,511,565,100,2
2543,511,758,109,3
2544,511,1094,115,2
2545,511,681,113,3
2546,512,818,117,3
2547,512,589,100,2
2548,513,843,113,2
2549,513,1054,93,1
2550,514,239,106,1
2551,514,816,117,1
2552,514,210,106,2
2553,515,576,100,1
2554,515,1007,106,3
2555,515,817,117,1
2556,515,1057,93,2
2557,515,346,109,1
2558,515,1181,99,1
2559,515,860,113,3
2560,516,1093,115,2
2561,516,1092,115,2
2562,516,399,119,1
2563,516,1121,102,3
2564,517,182,98,2
2565,517,1033,90,3
2566,517,269,95,3
2567,517,884,94,3
2568,517,465,118,3
2569,517,990,106,3
2570,517,1149,102,3
2571,517,775,91,2
2572,517,1209,105,1
2573,518,199,98,2
2574,518,781,91,2
2575,518,816,117,1
2576,518,934,96,3
2577,518,740,109,3
2578,519,230,106,3
2579,519,1029,90,2
2580,519,156,91,2
2581,519,823,117,1
2582,519,550,98,1
2583,519,391,119,2
2584,519,161,91,2
2585,519,924,96,1
2586,519,652,93,2
2587,520,920,96,2
2588,520,1136,102,2
2589,520,30,96,3
2590,520,465,118,2
2591,520,1091,115,2
2592,520,975,97,1
2593,520,138,92,1
2594,520,954,97,3
2595,520,1052,93,2
2596,520,204,98,1
2597,521,405,119,1
2598,521,491,102,3
2599,521,382,94,3
2600,521,625,112,1
2601,521,722,119,3
2602,521,135,92,1
2603,521,476,118,3
2604,521,174,91,1
2605,522,433,107,3
2606,522,924,96,2
2607,522,713,119,2
2608,523,1068,93,3
2609,523,354,94,1
2610,523,727,119,3
2611,523,727,119,2
2612,523,221,106,3
2613,523,864,113,3
2614,524,794,91,3
2615,524,179,98,1
2616,524,485,118,3
2617,525,1091,115,3
2618,525,848,113,3
2619,525,1192,105,3
2620,525,45,104,2
2621,525,727,119,3
2622,525,361,94,2
2623,526,1112,115,1
2624,526,879,94,2
2625,526,251,95,3
2626,526,1122,102,3
2627,526,343,109,2
2628,526,1030,90,3
2629,527,350,94,3
2630,527,594,100,1
2631,527,415,119,2
2632,527,114,92,1
2633,527,519,102,2
2634,527,440,107,3
2635,527,788,91,1
2636,527,156,91,1
2637,528,297,105,2
2638,528,366,94,2
2639,528,895,94,1
2640,528,472,118,3
2641,528,1089,115,1
2642,528,1168,99,2
2643,529,291,105,2
2644,529,937,96,3
2645,529,1194,105,2
2646,530,1073,93,3
2647,530,274,95,2
2648,530,757,109,3
2649,530,277,95,2
2650,530,718,119,1
2651,530,1124,102,3
2652,530,657,93,1
2653,530,703,119,2
2654,530,458,118,2
2655,530,719,119,3
2656,530,1097,115,1
2657,531,611,112,2
2658,531,829,117,2
2659,531,466,118,2
2660,531,1155,99,3
2661,532,343,109,1
2662,532,980,106,2
2663,532,1255,112,1
2664,532,60,104,2
2665,533,1199,105,2
2666,533,344,109,3
2667,533,618,112,1
2668,534,276,95,3
2669,535,928,96,3
2670,535,707,119,3
2671,535,58,104,1
2672,535,946,97,2
2673,535,1224,105,2
2674,535,164,91,1
2675,537,1022,90,3
2676,537,1248,112,3
2677,537,1232,112,3
2678,538,279,95,1
2679,538,494,102,1
2680,538,351,94,3
2681,538,74,118,2
2682,538,33,96,1
2683,538,1023,90,1
2684,538,213,106,1
2685,538,810,117,2
2686,539,1229,112,2
2687,539,437,107,1
2688,539,613,112,3
2689,539,524,102,3
2690,539,1098,115,3
2691,540,81,118,2
2692,540,406,119,2
2693,540,751,109,2
2694,540,554,98,1
2695,540,786,91,2
2696,540,631,93,3
2697,541,487,118,3
2698,541,385,119,1
2699,541,1126,102,2
2700,541,857,113,1
2701,542,507,102,3
2702,542,969,97,1
2703,542,1045,90,3
2704,542,1127,102,2
2705,542,931,96,2
2706,542,821,117,3
2707,543,17,96,1
2708,543,1092,115,1
2709,543,1106,115,2
2710,543,1046,90,2
2711,543,1205,105,1
2712,543,1204,105,2
2713,543,1108,115,2
2714,544,337,109,1
2715,544,580,100,1
2716,544,616,112,3
2717,544,1080,93,3
2718,544,75,118,2
2719,544,631,93,3
2720,544,350,94,2
2721,545,422,107,3
2722,545,921,96,2
2723,545,419,119,1
2724,545,1242,112,3
2725,545,823,117,3
2726,545,600,112,1
2727,545,355,94,1
2728,545,586,100,1
2729,545,1172,99,2
2730,545,646,93,2
2731,545,977,97,3
2732,546,153,91,2
2733,546,352,94,3
2734,546,79,118,1
2735,546,961,97,2
2736,546,344,109,1
2737,547,498,102,3
2738,547,1162,99,3
2739,547,1168,99,3
2740,547,941,96,3
2741,547,384,94,1
2742,547,1245,112,3
2743,547,479,118,2
2744,547,1162,99,1
2745,547,48,104,2
2746,548,141,91,3
2747,548,831,117,2
2748,549,286,105,3
2749,550,63,104,3
2750,550,707,119,2
2751,550,399,119,1
2752,550,623,112,2
2753,550,1233,112,3
2754,550,97,118,1
2755,551,1091,115,3
2756,552,610,112,2
2757,552,857,113,3
2758,552,898,94,2
2759,552,1138,102,2
2760,552,1114,115,3
2761,552,84,118,3
2762,553,946,97,3
2763,553,658,93,1
2764,553,1118,115,2
2765,553,973,97,1
2766,553,303,105,1
2767,554,1127,102,3
2768,554,870,113,2
2769,555,282,105,2
2770,555,358,94,2
2771,555,575,100,1
2772,555,526,98,3
2773,555,3,96,1
2774,555,928,96,1
2775,556,202,98,2
2776,556,459,118,2
2777,556,595,112,2
2778,556,530,98,2
2779,556,968,97,3
2780,556,238,106,2
2781,557,850,113,3
2782,557,1003,106,3
2783,557,1070,93,1
2784,557,350,94,3
2785,557,66,104,3
2786,557,1211,105,2
2787,558,5,96,1
2788,558,1115,115,2
2789,558,398,119,1
2790,558,513,102,2
2791,558,233,106,3
2792,558,222,106,2
2793,559,305,105,2
2794,559,185,98,3
2795,559,532,98,2
2796,559,568,100,1
2797,559,550,98,2
2798,559,729,119,3
2799,559,968,97,2
2800,560,144,91,2
2801,560,590,100,2
2802,561,1067,93,3
2803,561,878,94,1
2804,561,672,113,3
2805,562,336,109,2
2806,562,1216,105,2
2807,562,375,94,3
2808,562,628,112,3
2809,562,210,106,3
2810,563,798,91,1
2811,563,1045,90,3
2812,563,164,91,3
2813,563,409,119,1
2814,563,1005,106,2
2815,563,930,96,1
2816,563,522,102,2
2817,564,991,106,1
2818,564,838,117,3
2819,564,908,94,2
2820,565,1100,115,1
2821,565,833,117,1
2822,565,831,117,2
2823,565,1244,112,1
2824,565,610,112,1
2825,566,44,104,1
2826,566,160,91,2
2827,566,4,96,3
2828,566,754,109,2
2829,567,1234,112,1
2830,567,556,98,1
2831,567,1236,112,1
2832,567,827,117,1
2833,567,3,96,2
2834,567,778,91,1
2835,567,953,97,1
2836,568,824,117,2
2837,568,989,106,2
2838,568,366,94,1
2839,568,596,112,3
2840,569,194,98,3
2841,569,688,113,3
2842,569,548,98,1
2843,569,1240,112,2
2844,570,451,107,1
2845,570,111,92,2
2846,570,125,92,2
2847,570,554,98,1
2848,570,23,96,3
2849,570,457,118,1
2850,570,1236,112,3
2851,570,797,91,3
2852,571,509,102,3
2853,571,1082,93,2
2854,571,845,113,2
2855,571,299,105,3
2856,571,417,119,3
2857,571,633,93,1
2858,572,240,106,2
2859,572,906,94,2
2860,572,316,109,3
2861,572,90,118,3
2862,573,749,109,2
2863,573,312,105,3
2864,573,138,92,1
2865,574,1095,115,3
2866,574,1038,90,1
2867,574,195,98,1
2868,575,753,109,1
2869,575,793,91,2
2870,575,78,118,3
2871,575,537,98,2
2872,576,1073,93,1
2873,576,605,112,3
2874,576,968,97,2
2875,576,748,109,3
2876,576,395,119,1
2877,577,778,91,3
2878,577,1249,112,2
2879,577,372,94,2
2880,577,1056,93,3
2881,577,1077,93,3
2882,577,203,98,3
2883,577,761,109,2
2884,578,478,118,2
2885,578,442,107,2
2886,578,987,106,1
2887,578,115,92,2
2888,578,904,94,1
2889,578,1072,93,2
2890,578,784,91,3
2891,578,797,91,1
2892,578,1127,102,1
2893,578,892,94,3
2894,579,222,106,2
2895,579,989,106,2
2896,579,477,118,1
2897,579,1064,93,1
2898,579,37,104,1
2899,579,434,107,1
2900,580,433,107,2
2901,580,37,104,2
2902,580,159,91,2
2903,580,657,93,1
2904,581,721,119,2
2905,581,134,92,1
2906,581,1063,93,2
2907,581,290,105,2
2908,582,216,106,3
2909,582,21,96,2
2910,582,321,109,2
2911,582,322,109,1
2912,582,618,112,1
2913,582,687,113,2
2914,583,801,91,3
2915,583,124,92,2
2916,583,327,109,2
2917,583,224,106,3
2918,583,314,105,2
2919,583,1047,90,1
2920,583,1010,106,2
2921,583,1131,102,1
2922,583,784,91,1
2923,583,766,109,3
2924,583,716,119,1
2925,584,357,94,1
2926,584,832,117,2
2927,584,660,93,2
2928,584,588,100,2
2929,585,447,107,2
2930,585,886,94,2
2931,585,456,118,3
2932,585,401,119,2
2933,585,328,109,1
2934,586,57,104,3
2935,586,411,119,2
2936,586,815,117,2
2937,586,523,102,3
2938,586,918,96,2
2939,586,1195,105,2
2940,586,594,100,1
2941,586,1101,115,2
2942,587,502,102,2
2943,587,272,95,1
2944,587,1029,90,2
2945,587,351,94,3
2946,587,1233,112,3
2947,587,450,107,1
2948,588,334,109,1
2949,588,806,117,2
2950,588,281,105,1
2951,588,9,96,2
2952,588,1031,90,2
2953,589,754,109,2
2954,589,566,100,1
2955,589,1009,106,1
2956,589,955,97,2
2957,589,283,105,2
2958,589,133,92,1
2959,589,1224,105,2
2960,589,265,95,3
2961,589,404,119,1
2962,589,488,118,3
2963,590,1056,93,2
2964,590,379,94,2
2965,590,944,96,2
2966,590,388,119,1
2967,591,1234,112,3
2968,592,417,119,1
2969,592,696,113,1
2970,592,1139,102,3
2971,592,511,102,2
2972,592,309,105,1
2973,592,960,97,2
2974,592,513,102,3
2975,592,1094,115,2
2976,592,579,100,2
2977,592,870,113,3
2978,593,955,97,1
2979,593,996,106,1
2980,593,380,94,1
2981,593,665,113,1
2982,593,1120,102,1
2983,593,911,96,3
2984,593,467,118,3
2985,594,561,100,1
2986,594,597,112,1
2987,594,487,118,2
2988,594,89,118,2
2989,594,1166,99,3
2990,595,1023,90,3
2991,596,544,98,2
2992,596,294,105,1
2993,597,1038,90,2
2994,599,630,93,2
2995,599,28,96,3
2996,599,1038,90,3
2997,599,1106,115,1
2998,599,986,106,1
2999,600,1093,115,1
3000,600,151,91,2
3001,600,749,109,3
3002,601,971,97,2
3003,601,278,95,1
3004,601,681,113,3
3005,601,347,109,2
3006,601,518,102,3
3007,602,1161,99,3
3008,602,86,118,1
3009,603,1170,99,2
3010,604,904,94,3
3011,604,169,91,1
3012,604,163,91,2
3013,604,955,97,1
3014,604,127,92,2
3015,604,195,98,2
3016,605,574,100,3
3017,605,222,106,3
3018,605,156,91,2
3019,606,251,95,1
3020,606,372,94,3
3021,606,163,91,1
3022,606,486,118,2
3023,606,472,118,3
3024,606,782,91,1
3025,607,1053,93,3
3026,607,473,118,2
3027,607,1155,99,3
3028,607,886,94,2
3029,607,994,106,1
3030,608,572,100,3
3031,608,265,95,3
3032,609,536,98,2
3033,609,196,98,3
3034,609,900,94,3
3035,609,177,98,1
3036,609,1033,90,3
3037,609,872,113,1
3038,610,497,102,1
3039,610,410,119,3
3040,610,919,96,2
3041,610,571,100,2
3042,611,580,100,2
3043,611,133,92,2
3044,611,891,94,3
3045,611,146,91,3
3046,612,895,94,1
3047,612,833,117,3
3048,612,660,93,3
3049,613,405,119,1
3050,613,777,91,1
3051,613,624,112,1
3052,613,405,119,2
3053,613,1106,115,3
3054,613,448,107,3
3055,614,10,96,2
3056,614,615,112,3
3057,614,28,96,3
3058,614,457,118,1
3059,614,744,109,2
3060,615,948,97,3
3061,615,491,102,3
3062,615,1213,105,3
3063,615,385,119,1
3064,615,782,91,2
3065,616,615,112,2
3066,616,215,106,2
3067,616,1252,112,1
3068,616,422,107,3
3069,617,970,97,2
3070,617,676,113,1
3071,617,876,94,1
3072,617,732,119,3
3073,617,30,96,2
3074,617,847,113,1
3075,619,130,92,1
3076,619,251,95,3
3077,619,922,96,1
3078,620,413,119,3
3079,620,372,94,1
3080,620,343,109,2
3081,620,647,93,3
3082,620,616,112,1
3083,621,416,119,1
3084,621,486,118,1
3085,621,270,95,3
3086,621,472,118,1
3087,622,709,119,1
3088,622,236,106,3
3089,622,677,113,3
3090,622,498,102,2
3091,623,913,96,1
3092,623,997,106,1
3093,623,353,94,2
3094,624,316,109,1
3095,624,240,106,3
3096,624,672,113,3
3097,624,361,94,3
3098,624,1228,112,3
3099,624,1030,90,2
3100,624,590,100,2
3101,625,415,119,2
3102,625,138,92,2
3103,625,311,105,2
3104,626,493,102,3
3105,626,934,96,3
3106,626,1040,90,1
3107,627,94,118,1
3108,627,1074,93,2
3109,628,311,105,2
3110,628,579,100,3
3111,628,494,102,2
3112,628,675,113,1
3113,628,626,112,1
3114,628,79,118,3
3115,628,1209,105,1
3116,628,384,94,3
3117,629,710,119,1
3118,629,819,117,3
3119,629,250,95,2
3120,629,484,118,3
3121,630,325,109,3
3122,630,943,96,2
3123,630,1062,93,2
3124,630,1084,93,3
3125,630,882,94,3
3126,631,874,113,1
3127,631,788,91,3
3128,631,1131,102,3
3129,631,1221,105,1
3130,632,1041,90,2
3131,632,191,98,3
3132,632,413,119,2
3133,632,1133,102,3
3134,633,993,106,1
3135,633,988,106,1
3136,633,383,94,3
3137,633,720,119,2
3138,633,267,95,2
3139,633,1179,99,3
3140,633,215,106,2
3141,634,1159,99,3
3142,634,760,109,3
3143,634,1123,102,1
3144,634,1066,93,3
3145,634,847,113,1
3146,634,846,113,1
3147,634,402,119,2
3148,634,1149,102,2
3149,634,231,106,3
3150,634,968,97,1
3151,635,183,98,1
3152,635,843,113,2
3153,635,455,118,1
3154,635,429,107,2
3155,635,615,112,1
3156,635,453,107,3
3157,636,99,118,1
3158,636,105,92,2
3159,636,796,91,2
3160,636,107,92,2
3161,637,1158,99,1
3162,637,1175,99,2
3163,637,157,91,2
3164,637,765,109,3
3165,638,460,118,1
3166,638,847,113,3
3167,638,924,96,3
3168,638,458,118,3
3169,638,175,98,3
3170,638,1005,106,2
3171,639,666,113,1
3172,639,1143,102,2
3173,639,73,118,2
3174,639,855,113,2
3175,639,949,97,1
3176,640,1011,106,1
3177,641,1249,112,1
3178,641,25,96,1
3179,641,161,91,2
3180,641,1039,90,1
3181,641,840,113,3
3182,642,1222,105,3
3183,642,96,118,2
3184,642,942,96,3
3185,642,1201,105,2
3186,642,935,96,2
3187,642,443,107,1
3188,642,755,109,2
3189,642,496,102,1
3190,642,671,113,1
3191,643,1196,105,2
3192,643,641,93,2
3193,643,682,113,3
3194,643,458,118,3
3195,643,954,97,1
3196,643,271,95,2
3197,643,320,109,1
3198,643,1189,99,3
3199,644,454,107,2
3200,644,167,91,3
3201,644,1,96,2
3202,644,957,97,3
3203,645,444,107,2
3204,645,586,100,2
3205,645,580,100,3
3206,645,455,118,2
3207,645,939,96,3
3208,645,525,98,2
3209,645,470,118,2
3210,646,367,94,3
3211,646,186,98,1
3212,646,411,119,3
3213,647,991,106,3
3214,647,1218,105,3
3215,647,253,95,2
3216,648,85,118,3
3217,648,835,117,3
3218,648,257,95,3
3219,649,922,96,2
3220,649,413,119,3
3221,649,1215,105,1
3222,649,294,105,3
3223,649,274,95,2
3224,650,975,97,2
3225,650,579,100,1
3226,650,156,91,1
3227,650,953,97,1
3228,650,951,97,1
3229,650,407,119,2
3230,650,1205,105,3
3231,651,997,106,3
3232,651,538,98,3
3233,651,640,93,1
3234,651,1072,93,2
3235,651,156,91,2
3236,651,361,94,2
3237,651,801,91,1
3238,651,456,118,1
3239,651,336,109,2
3240,652,516,102,2
3241,652,908,94,3
3242,652,386,119,2
3243,653,702,119,3
3244,653,232,106,1
3245,653,216,106,1
3246,653,599,112,2
3247,653,561,100,2
3248,653,492,102,1
3249,653,970,97,2
3250,653,781,91,1
3251,654,830,117,3
3252,654,826,117,2
3253,655,766,109,2
3254,655,73,118,3
3255,655,371,94,1
3256,655,175,98,3
3257,656,282,105,3
3258,656,55,104,3
3259,657,700,119,1
3260,657,686,113,1
3261,657,1185,99,3
3262,658,908,94,3
3263,658,195,98,2
3264,658,1123,102,3
3265,658,439,107,2
3266,658,692,113,1
3267,658,1204,105,2
3268,658,271,95,1
3269,658,42,104,1
3270,659,1042,90,1
3271,659,565,100,3
3272,659,1060,93,2
3273,660,301,105,2
3274,660,463,118,2
3275,660,807,117,3
3276,661,21,96,1
3277,661,990,106,1
3278,661,1184,99,2
3279,661,849,113,3
3280,661,826,117,3
3281,661,220,106,1
3282,662,222,106,3
3283,662,424,107,1
3284,662,859,113,1
3285,662,892,94,2
3286,662,946,97,3
3287,662,1035,90,3
3288,663,1079,93,1
3289,663,1171,99,1
3290,663,995,106,1
3291,663,579,100,2
3292,663,305,105,1
3293,664,811,117,1
3294,664,312,105,1
3295,665,533,98,3
3296,665,484,118,1
3297,666,1216,105,3
3298,666,1029,90,1
3299,666,1234,112,2
3300,666,782,91,1
3301,666,1147,102,2
3302,666,215,106,1
3303,667,978,97,1
3304,667,547,98,1
3305,667,926,96,3
3306,667,3,96,1
3307,667,698,113,3
3308,667,1077,93,2
3309,667,226,106,2
3310,668,788,91,3
3311,668,388,119,2
3312,668,1149,102,3
3313,668,955,97,3
3314,668,48,104,3
3315,668,481,118,1
3316,668,1079,93,1
3317,668,478,118,3
3318,668,903,94,1
3319,668,214,106,1
3320,668,77,118,3
3321,669,672,113,2
3322,669,960,97,1
3323,669,555,98,1
3324,670,525,98,2
3325,670,792,91,2
3326,670,179,98,1
3327,670,789,91,3
3328,671,1154,102,3
3329,671,732,119,1
3330,671,1054,93,1
3331,671,608,112,3
3332,671,343,109,3
3333,671,335,109,1
3334,672,523,102,3
3335,672,663,93,2
3336,672,1004,106,3
3337,672,708,119,3
3338,672,275,95,3
3339,673,524,102,2
3340,673,1013,106,3
3341,673,881,94,2
3342,673,1149,102,2
3343,673,628,112,1
3344,673,938,96,2
3345,673,1119,115,2
3346,674,375,94,1
3347,674,1002,106,3
3348,674,799,91,3
3349,674,451,107,1
3350,674,650,93,1
3351,674,335,109,2
3352,674,483,118,1
3353,674,1192,105,2
3354,675,1012,106,2
3355,675,81,118,3
3356,675,673,113,2
3357,675,1188,99,2
3358,675,43,104,2
3359,675,23,96,2
3360,675,1007,106,3
3361,676,814,117,3
3362,676,311,105,2
3363,676,839,117,3
3364,677,838,117,2
3365,677,56,104,1
3366,677,311,105,2
3367,677,66,104,3
3368,677,827,117,3
3369,677,958,97,3
3370,678,579,100,3
3371,678,328,109,1
3372,678,190,98,2
3373,679,375,94,2
3374,679,333,109,2
3375,679,760,109,2
3376,679,836,117,2
3377,680,422,107,3
3378,680,268,95,2
3379,681,775,91,3
3380,681,36,104,2
3381,681,120,92,2
3382,681,16,96,1
3383,681,532,98,1
3384,682,1067,93,2
3385,682,796,91,1
3386,682,1080,93,3
3387,682,782,91,1
3388,682,131,92,1
3389,682,278,95,3
3390,683,4,96,3
3391,683,753,109,2
3392,683,1054,93,1
3393,683,973,97,2
3394,683,1016,90,3
3395,683,576,100,1
3396,684,837,117,1
3397,684,99,118,2
3398,685,275,95,1
3399,685,33,96,3
3400,686,216,106,2
3401,686,37,104,2
3402,686,912,96,3
3403,687,1086,115,3
3404,687,564,100,1
3405,687,154,91,2
3406,687,799,91,1
3407,687,768,109,2
3408,687,864,113,2
3409,688,363,94,1
3410,688,682,113,3
3411,688,1137,102,3
3412,688,1236,112,2
3413,689,1169,99,1
3414,689,674,113,1
3415,689,339,109,2
3416,689,277,95,2
3417,689,245,95,2
3418,689,1217,105,2
3419,689,643,93,3
3420,690,454,107,1
3421,690,296,105,3
3422,690,919,96,3
3423,690,304,105,1
3424,691,1175,99,2
3425,691,2,96,2
3426,691,1100,115,1
3427,691,577,100,3
3428,691,928,96,2
3429,692,54,104,1
3430,692,752,109,3
3431,692,953,97,2
3432,692,1094,115,1
3433,693,681,113,3
3434,693,675,113,3
3435,693,272,95,3
3436,693,252,95,3
3437,693,846,113,3
3438,694,565,100,1
3439,694,780,91,3
3440,694,1171,99,3
3441,694,627,112,3
3442,694,191,98,3
3443,694,197,98,1
3444,694,415,119,3
3445,695,530,98,2
3446,695,401,119,2
3447,695,18,96,1
3448,695,165,91,1
3449,695,455,118,2
3450,696,83,118,3
3451,696,1167,99,2
3452,696,453,107,3
3453,697,897,94,2
3454,697,330,109,1
3455,697,457,118,3
3456,697,56,104,2
3457,697,590,100,1
3458,697,1036,90,3
3459,698,820,117,3
3460,698,376,94,2
3461,698,439,107,1
3462,698,1098,115,2
3463,698,522,102,2
3464,698,4,96,3
3465,698,1222,105,3
3466,699,1198,105,2
3467,699,587,100,2
3468,699,30,96,2
3469,699,98,118,1
3470,699,957,97,2
3471,699,189,98,3
3472,699,417,119,2
3473,699,142,91,3
3474,699,26,96,1
3475,700,172,91,1
3476,700,979,97,2
3477,700,534,98,3
3478,700,1145,102,3
3479,700,1106,115,2
3480,700,177,98,2
3481,701,314,105,2
3482,701,914,96,2
3483,701,488,118,1
3484,701,319,109,3
3485,702,1038,90,3
3486,702,950,97,3
3487,702,341,109,1
3488,702,1070,93,2
3489,702,693,113,3
3490,702,862,113,3
3491,703,116,92,2
3492,703,205,98,3
3493,703,249,95,3
3494,704,673,113,3
3495,704,44,104,2
3496,704,1080,93,2
3497,704,63,104,2
3498,705,231,106,3
3499,705,59,104,2
3500,705,927,96,2
3501,705,1090,115,2
3502,705,980,106,2
3503,705,1008,106,3
3504,705,666,113,3
3505,705,1007,106,2
3506,705,833,117,3
3507,705,1111,115,1
3508,706,494,102,1
3509,706,1030,90,2
3510,706,356,94,1
3511,706,214,106,2
3512,706,954,97,1
3513,707,667,113,3
3514,707,709,119,2
3515,707,939,96,2
3516,707,803,91,3
3517,707,742,109,3
3518,707,234,106,2
3519,707,274,95,3
3520,708,1099,115,1
3521,708,159,91,2
3522,708,937,96,2
3523,708,867,113,3
3524,708,180,98,3
3525,709,110,92,2
3526,709,95,118,2
3527,709,641,93,1
3528,709,397,119,1
3529,709,184,98,1
3530,709,951,97,2
3531,710,1083,93,1
3532,710,649,93,1
3533,710,586,100,1
3534,710,588,100,2
3535,710,708,119,1
3536,711,644,93,1
3537,711,876,94,3
3538,711,58,104,1
3539,711,296,105,1
3540,711,706,119,2
3541,711,198,98,2
3542,712,928,96,1
3543,712,913,96,3
3544,712,944,96,2
3545,712,1237,112,2
3546,712,650,93,1
3547,712,1219,105,3
3548,712,450,107,3
3549,713,173,91,2
3550,713,524,102,1
3551,713,162,91,1
3552,713,1250,112,2
3553,713,873,113,2
3554,713,326,109,2
3555,714,111,92,3
3556,714,331,109,3
3557,714,1022,90,2
3558,714,419,119,2
3559,714,951,97,1
3560,714,731,119,3
3561,715,598,112,1
3562,715,831,117,3
3563,715,1214,105,3
3564,715,583,100,3
3565,715,607,112,3
3566,716,501,102,2
3567,716,1085,115,3
3568,716,669,113,2
3569,716,1124,102,3
3570,716,891,94,1
3571,716,695,113,2
3572,717,1148,102,1
3573,717,219,106,1
3574,717,174,91,2
3575,717,237,106,1
3576,717,518,102,3
3577,717,179,98,3
3578,718,231,106,1
3579,718,1070,93,1
3580,718,935,96,1
3581,718,848,113,2
3582,718,1248,112,2
3583,718,1018,90,1
3584,718,24,96,2
3585,718,442,107,3
3586,718,117,92,1
3587,718,1255,112,2
3588,718,921,96,2
3589,718,862,113,2
3590,719,667,113,3
3591,719,434,107,2
3592,719,212,106,3
3593,719,99,118,1
3594,719,757,109,1
3595,719,891,94,1
3596,719,494,102,2
3597,719,349,109,3
3598,719,594,100,1
3599,720,1145,102,1
3600,720,846,113,3
3601,720,782,91,1
3602,720,375,94,1
3603,720,225,106,3
3604,721,855,113,3
3605,721,483,118,3
3606,721,543,98,1
3607,721,1162,99,1
3608,721,921,96,3
3609,722,362,94,2
3610,722,736,109,2
3611,722,838,117,2
3612,722,651,93,1
3613,722,65,104,2
3614,723,836,117,3
3615,723,1009,106,1
3616,723,1050,93,3
3617,723,550,98,3
3618,724,693,113,2
3619,724,1193,105,3
3620,724,791,91,2
3621,724,511,102,3
3622,724,1012,106,2
3623,724,665,113,2
3624,724,625,112,2
3625,725,265,95,3
3626,725,32,96,1
3627,725,1217,105,3
3628,725,1234,112,1
3629,726,607,112,2
3630,726,131,92,2
3631,727,165,91,2
3632,727,796,91,1
3633,728,234,106,1
3634,728,9,96,3
3635,728,1109,115,1
3636,728,38,104,3
3637,728,598,112,1
3638,728,1150,102,1
3639,729,197,98,3
3640,729,558,98,1
3641,730,221,106,3
3642,730,226,106,1
3643,730,1232,112,3
3644,730,310,105,3
3645,730,1177,99,1
3646,730,156,91,2
3647,731,696,113,1
3648,731,176,98,3
3649,731,431,107,2
3650,732,650,93,3
3651,732,1142,102,1
3652,732,278,95,2
3653,733,394,119,1
3654,733,944,96,2
3655,733,691,113,1
3656,733,314,105,3
3657,733,33,96,1
3658,733,971,97,1
3659,734,301,105,2
3660,734,956,97,2
3661,734,1051,93,2
3662,734,808,117,3
3663,734,560,100,3
3664,734,439,107,3
3665,734,465,118,3
3666,734,702,119,3
3667,734,799,91,1
3668,734,168,91,1
3669,735,481,118,3
3670,735,938,96,1
3671,735,443,107,3
3672,735,709,119,2
3673,735,184,98,3
3674,736,864,113,1
3675,736,1245,112,1
3676,736,378,94,2
3677,736,1164,99,3
3678,736,876,94,1
3679,736,1184,99,3
3680,736,110,92,2
3681,737,814,117,3
3682,737,1066,93,3
3683,737,552,98,1
3684,737,800,91,2
3685,737,1160,99,1
3686,737,251,95,2
3687,737,664,93,2
3688,737,1250,112,1
3689,737,98,118,2
3690,738,260,95,3
3691,738,1195,105,3
3692,738,357,94,2
3693,738,1197,105,2
3694,739,645,93,2
3695,739,47,104,2
3696,739,539,98,3
3697,740,396,119,3
3698,740,31,96,2
3699,740,990,106,1
3700,740,1076,93,2
3701,740,704,119,2
3702,741,917,96,1
3703,741,794,91,3
3704,742,893,94,3
3705,742,223,106,2
3706,742,620,112,2
3707,742,606,112,1
3708,742,133,92,1
3709,742,1100,115,2
3710,743,142,91,3
3711,743,1090,115,3
3712,743,194,98,2
3713,743,544,98,1
3714,744,553,98,2
3715,744,210,106,2
3716,744,1009,106,3
3717,744,1058,93,1
3718,744,1084,93,1
3719,744,43,104,2
3720,745,1194,105,1
3721,745,739,109,2
3722,745,757,109,2
3723,745,1041,90,3
3724,745,217,106,3
3725,745,1098,115,3
3726,745,20,96,1
3727,745,1191,105,2
3728,745,1110,115,2
3729,746,1170,99,2
3730,746,1139,102,2
3731,746,754,109,3
3732,746,742,109,3
3733,746,138,92,2
3734,746,47,104,1
3735,746,100,118,1
3736,747,1076,93,2
3737,747,676,113,1
3738,747,709,119,3
3739,748,743,109,3
3740,748,167,91,2
3741,748,405,119,2
3742,748,1133,102,3
3743,748,991,106,2
3744,749,746,109,1
3745,749,1197,105,1
3746,749,628,112,1
3747,749,865,113,1
3748,749,665,113,3
3749,749,12,96,3
3750,749,120,92,1
3751,750,437,107,2
3752,750,884,94,2
3753,750,333,109,1
3754,750,382,94,1
3755,750,1159,99,2
3756,750,509,102,2
3757,750,91,118,1
3758,750,708,119,1
3759,750,583,100,2
3760,750,507,102,1
3761,750,1113,115,3
3762,751,789,91,1
3763,751,728,119,2
3764,751,1035,90,3
3765,751,241,106,1
3766,751,1147,102,3
3767,751,612,112,3
3768,752,964,97,2
3769,752,196,98,3
3770,752,857,113,1
3771,752,102,118,1
3772,752,85,118,3
3773,753,394,119,1
3774,753,742,109,1
3775,753,983,106,3
3776,754,832,117,1
3777,754,126,92,1
3778,754,934,96,2
3779,754,132,92,2
3780,754,406,119,3
3781,754,38,104,2
3782,754,1122,102,1
3783,754,258,95,1
3784,755,1135,102,3
3785,755,311,105,3
3786,755,822,117,3
3787,755,772,91,2
3788,755,22,96,2
3789,755,69,104,1
3790,756,859,113,1
3791,756,1257,112,1
3792,756,470,118,1
3793,757,639,93,1
3794,757,1247,112,1
3795,757,263,95,1
3796,758,850,113,1
3797,758,921,96,3
3798,758,1131,102,1
3799,758,394,119,3
3800,759,536,98,2
3801,759,1241,112,1
3802,759,254,95,3
3803,759,266,95,2
3804,759,271,95,3
3805,760,729,119,1
3806,760,502,102,1
3807,760,661,93,2
3808,760,1234,112,1
3809,760,311,105,2
3810,760,1026,90,3
3811,760,1188,99,1
3812,761,1201,105,3
3813,761,505,102,1
3814,762,1086,115,2
3815,762,725,119,3
3816,762,290,105,3
3817,762,845,113,2
3818,762,617,112,1
3819,763,773,91,3
3820,763,451,107,2
3821,763,921,96,1
3822,763,429,107,2
3823,764,442,107,2
3824,764,722,119,3
3825,764,1105,115,2
3826,764,206,98,3
3827,764,102,118,3
3828,764,483,118,2
3829,765,706,119,1
3830,765,237,106,3
3831,765,28,96,2
3832,765,1046,90,1
3833,766,741,109,2
3834,766,259,95,1
3835,766,746,109,3
3836,766,161,91,3
3837,766,766,109,2
3838,766,558,98,1
3839,767,694,113,2
3840,767,791,91,1
3841,767,335,109,3
3842,767,448,107,2
3843,768,1090,115,3
3844,768,1023,90,1
3845,768,128,92,1
3846,768,748,109,3
3847,768,291,105,3
3848,768,654,93,2
3849,769,365,94,2
3850,770,1209,105,3
3851,770,665,113,1
3852,770,869,113,2
3853,771,443,107,2
3854,771,762,109,1
3855,771,156,91,2
3856,772,1018,90,3
3857,772,308,105,3
3858,772,606,112,2
3859,773,398,119,2
3860,773,147,91,1
3861,773,563,100,3
3862,773,1067,93,2
3863,773,261,95,2
3864,774,871,113,3
3865,774,321,109,1
3866,774,214,106,2
3867,775,1214,105,2
3868,775,619,112,3
3869,775,1039,90,1
3870,775,697,113,1
3871,775,1139,102,3
3872,776,372,94,2
3873,776,789,91,1
3874,776,419,119,2
3875,776,694,113,2
3876,777,625,112,2
3877,777,401,119,3
3878,777,1126,102,3
3879,777,577,100,1
3880,777,721,119,2
3881,777,657,93,3
3882,777,823,117,3
3883,778,594,100,2
3884,778,536,98,3
3885,778,526,98,1
3886,778,1147,102,2
3887,778,230,106,2
3888,778,780,91,1
3889,779,561,100,2
3890,779,616,112,3
3891,779,383,94,1
3892,779,180,98,3
3893,779,751,109,3
3894,779,166,91,1
3895,779,21,96,2
3896,779,409,119,2
3897,780,902,94,1
3898,780,295,105,2
3899,780,21,96,1
3900,780,1249,112,3
3901,780,165,91,1
3902,780,1217,105,1
3903,780,402,119,1
3904,781,1153,102,1
3905,781,1060,93,2
3906,781,927,96,3
3907,781,125,92,2
3908,781,118,92,1
3909,781,1230,112,2
3910,782,171,91,3
3911,782,176,98,1
3912,782,495,102,1
3913,782,590,100,2
3914,782,187,98,3
3915,782,93,118,1
3916,783,88,118,1
3917,783,458,118,2
3918,783,705,119,1
3919,783,69,104,1
3920,783,1121,102,2
3921,784,936,96,2
3922,784,869,113,2
3923,784,1033,90,1
3924,784,151,91,3
3925,784,1028,90,2
3926,784,397,119,1
3927,785,1231,112,1
3928,785,1148,102,2
3929,785,469,118,3
3930,785,95,118,3
3931,785,1242,112,2
3932,785,835,117,3
3933,785,877,94,1
3934,786,167,91,3
3935,786,46,104,1
3936,786,1255,112,2
3937,786,1151,102,2
3938,786,1210,105,1
3939,786,721,119,3
3940,786,855,113,1
3941,787,966,97,1
3942,787,68,104,2
3943,787,508,102,2
3944,787,1077,93,3
3945,787,397,119,1
3946,787,356,94,2
3947,787,1182,99,1
3948,788,184,98,1
3949,788,528,98,2
3950,788,18,96,3
3951,788,830,117,2
3952,788,490,102,1
3953,788,1162,99,3
3954,789,1006,106,2
3955,789,813,117,2
3956,789,931,96,1
3957,789,972,97,2
3958,790,1021,90,3
3959,790,727,119,3
3960,790,877,94,1
3961,790,718,119,2
3962,790,1218,105,3
3963,790,293,105,2
3964,790,189,98,2
3965,790,1013,106,3
3966,791,227,106,3
3967,791,660,93,2
3968,791,380,94,1
3969,791,1188,99,3
3970,791,1203,105,1
3971,791,709,119,1
3972,792,283,105,2
3973,792,725,119,1
3974,792,971,97,2
3975,792,621,112,3
3976,792,205,98,2
3977,792,158,91,1
3978,792,1008,106,2
3979,792,477,118,3
3980,792,131,92,2
3981,793,372,94,1
3982,793,970,97,3
3983,793,783,91,3
3984,793,987,106,2
3985,793,222,106,1
3986,793,849,113,2
3987,793,72,118,3
3988,794,972,97,1
3989,794,209,98,2
3990,794,582,100,3
3991,794,247,95,2
3992,794,724,119,3
3993,794,470,118,2
3994,794,922,96,2
3995,795,11,96,3
3996,795,830,117,2
3997,796,362,94,2
3998,796,437,107,1
3999,797,904,94,1
4000,797,51,104,1
4001,797,610,112,3
4002,797,523,102,2
4003,797,981,106,1
4004,797,292,105,3
4005,797,64,104,2
4006,798,979,97,2
4007,798,560,100,2
4008,798,686,113,1
4009,798,916,96,2
4010,798,791,91,2
4011,799,331,109,3
4012,799,1208,105,3
4013,799,886,94,1
4014,799,1191,105,1
4015,799,17,96,1
4016,800,229,106,3
4017,800,1203,105,3
4018,800,77,118,1
4019,800,401,119,2
4020,801,1085,115,2
4021,801,960,97,2
4022,801,152,91,3
4023,801,724,119,1
4024,801,139,92,3
4025,801,879,94,2
4026,801,26,96,3
4027,801,397,119,3
4028,801,200,98,1
4029,801,818,117,1
4030,802,716,119,2
4031,803,511,102,2
4032,803,861,113,3
4033,803,930,96,3
4034,803,399,119,1
4035,804,923,96,1
4036,804,1133,102,1
4037,804,332,109,1
4038,804,710,119,3
4039,804,554,98,1
4040,804,995,106,2
4041,804,509,102,3
4042,804,962,97,3
4043,805,1054,93,2
4044,805,258,95,2
4045,805,1166,99,1
4046,805,25,96,3
4047,805,453,107,2
4048,805,715,119,2
4049,805,798,91,2
4050,806,522,102,1
4051,806,482,118,3
4052,807,897,94,1
4053,807,1017,90,1
4054,807,26,96,2
4055,807,199,98,2
4056,808,309,105,2
4057,808,1195,105,1
4058,808,378,94,3
4059,808,551,98,1
4060,808,850,113,2
4061,809,398,119,3
4062,809,824,117,2
4063,809,512,102,1
4064,809,778,91,1
4065,809,136,92,1
4066,810,1221,105,2
4067,810,356,94,1
4068,810,689,113,2
4069,810,762,109,1
4070,810,1202,105,3
4071,810,130,92,3
4072,810,691,113,3
4073,810,1166,99,3
4074,810,1025,90,3
4075,811,976,97,1
4076,811,521,102,2
4077,811,287,105,3
4078,812,796,91,1
4079,812,7,96,3
4080,812,717,119,2
4081,812,900,94,2
4082,813,272,95,2
4083,813,474,118,2
4084,813,567,100,3
4085,813,583,100,1
4086,813,259,95,3
4087,813,251,95,3
4088,813,431,107,3
4089,813,1248,112,2
4090,813,164,91,1
4091,814,398,119,3
4092,814,11,96,3
4093,814,983,106,1
4094,814,488,118,3
4095,814,342,109,2
4096,814,49,104,2
4097,814,727,119,3
4098,815,1204,105,3
4099,815,927,96,2
4100,815,1059,93,1
4101,815,448,107,2
4102,815,903,94,1
4103,815,1025,90,3
4104,815,556,98,2
4105,815,702,119,2
4106,816,954,97,1
4107,816,595,112,3
4108,816,1085,115,2
4109,816,460,118,1
4110,816,271,95,1
4111,816,214,106,1
4112,817,783,91,1
4113,817,181,98,1
4114,817,1153,102,3
4115,817,149,91,1
4116,817,622,112,2
4117,818,1240,112,1
4118,818,931,96,3
4119,819,843,113,2
4120,819,109,92,2
4121,819,1144,102,2
4122,819,130,92,3
4123,820,292,105,2
4124,820,1118,115,1
4125,820,1163,99,1
4126,820,1085,115,2
4127,820,748,109,1
4128,820,591,100,2
4129,820,1165,99,1
4130,821,961,97,3
4131,821,317,109,2
4132,821,1084,93,3
4133,822,715,119,1
4134,822,662,93,2
4135,822,857,113,2
4136,822,181,98,1
4137,822,952,97,1
4138,824,24,96,3
4139,824,589,100,2
4140,824,68,104,1
4141,825,563,100,1
4142,825,1148,102,1
4143,825,164,91,1
4144,825,1008,106,2
4145,825,1115,115,2
4146,825,109,92,2
4147,825,936,96,1
4148,826,554,98,1
4149,826,547,98,2
4150,827,169,91,1
4151,827,873,113,1
4152,827,363,94,1
4153,827,919,96,1
4154,827,589,100,3
4155,827,488,118,1
4156,827,604,112,3
4157,827,736,109,2
4158,827,1012,106,1
4159,828,626,112,2
4160,828,56,104,2
4161,828,39,104,3
4162,828,1114,115,1
4163,829,1193,105,3
4164,829,294,105,2
4165,829,592,100,2
4166,829,1104,115,1
4167,830,804,91,2
4168,830,1006,106,1
4169,830,328,109,2
4170,830,898,94,3
4171,830,238,106,3
4172,831,533,98,1
4173,831,653,93,2
4174,831,574,100,3
4175,831,351,94,2
4176,831,40,104,2
4177,832,258,95,1
4178,833,793,91,2
4179,833,120,92,2
4180,833,824,117,2
4181,833,1253,112,1
4182,833,241,106,3
4183,834,506,102,2
4184,834,730,119,1
4185,834,240,106,3
4186,834,891,94,3
4187,835,1031,90,1
4188,835,52,104,2
4189,835,279,95,3
4190,835,922,96,2
4191,835,379,94,3
4192,836,426,107,2
4193,836,23,96,2
4194,836,593,100,1
4195,837,52,104,3
4196,837,87,118,1
4197,837,1177,99,1
4198,837,713,119,3
4199,837,237,106,2
4200,838,1012,106,2
4201,838,469,118,1
4202,838,1128,102,3
4203,839,847,113,2
4204,839,31,96,3
4205,839,182,98,3
4206,839,145,91,2
4207,839,1019,90,3
4208,839,1038,90,2
4209,839,111,92,1
4210,839,558,98,3
4211,839,283,105,1
4212,839,473,118,1
4213,839,1076,93,2
4214,840,1139,102,2
4215,840,600,112,1
4216,840,757,109,2
4217,840,548,98,1
4218,840,108,92,3
4219,840,1088,115,2
4220,841,866,113,1
4221,841,203,98,1
4222,841,473,118,1
4223,841,162,91,2
4224,841,1175,99,1
4225,841,501,102,3
4226,841,409,119,2
4227,842,875,94,2
4228,842,374,94,3
4229,842,645,93,3
4230,842,238,106,1
4231,843,1091,115,1
4232,843,374,94,3
4233,843,69,104,1
4234,843,285,105,1
4235,843,737,109,1
4236,843,1236,112,3
4237,843,886,94,3
4238,843,962,97,2
4239,843,207,98,3
4240,843,1084,93,1
4241,844,1222,105,2
4242,844,134,92,3
4243,844,1024,90,3
4244,844,139,92,1
4245,844,586,100,3
4246,845,1073,93,3
4247,845,1246,112,2
4248,845,335,109,3
4249,845,1038,90,3
4250,845,1177,99,1
4251,846,668,113,2
4252,847,790,91,1
4253,847,593,100,2
4254,847,500,102,2
4255,848,28,96,3
4256,848,66,104,2
4257,848,642,93,2
4258,848,375,94,1
4259,848,201,98,3
4260,848,830,117,3
4261,848,286,105,3
4262,848,583,100,3
4263,848,591,100,2
4264,849,73,118,2
4265,849,1074,93,3
4266,849,993,106,3
4267,849,1117,115,1
4268,850,368,94,2
4269,850,616,112,3
4270,850,652,93,2
4271,850,700,119,2
4272,850,533,98,2
4273,851,1031,90,3
4274,851,1074,93,3
4275,851,437,107,1
4276,851,1173,99,1
4277,852,579,100,2
4278,852,229,106,3
4279,852,623,112,2
4280,852,120,92,3
4281,852,1047,90,1
4282,853,549,98,2
4283,853,540,98,3
4284,853,568,100,2
4285,853,45,104,1
4286,853,1015,90,2
4287,853,535,98,2
4288,853,1220,105,3
4289,854,35,104,3
4290,855,983,106,1
4291,855,1112,115,3
4292,855,722,119,2
4293,855,620,112,3
4294,856,833,117,2
4295,856,1178,99,3
4296,856,794,91,3
4297,856,509,102,1
4298,856,92,118,1
4299,856,1204,105,2
4300,857,751,109,3
4301,857,213,106,3
4302,857,907,94,3
4303,857,431,107,2
4304,858,439,107,2
4305,858,281,105,3
4306,858,1124,102,2
4307,858,413,119,3
4308,858,799,91,1
4309,858,397,119,1
4310,859,740,109,1
4311,859,400,119,1
4312,859,180,98,2
4313,859,147,91,3
4314,860,995,106,1
4315,860,640,93,3
4316,860,52,104,3
4317,860,664,93,1
4318,861,1188,99,3
4319,861,58,104,2
4320,861,78,118,2
4321,862,935,96,3
4322,862,162,91,1
4323,862,208,98,2
4324,863,194,98,2
4325,863,472,118,3
4326,863,783,91,1
4327,863,650,93,3
4328,864,78,118,1
4329,864,336,109,2
4330,864,946,97,2
4331,865,1015,90,3
4332,866,653,93,2
4333,866,1142,102,2
4334,866,757,109,2
4335,866,846,113,1
4336,867,930,96,1
4337,867,129,92,1
4338,867,430,107,2
4339,867,545,98,1
4340,867,723,119,1
4341,867,19,96,1
4342,868,763,109,3
4343,868,1049,90,2
4344,869,1214,105,3
4345,869,949,97,2
4346,869,176,98,2
4347,869,535,98,3
4348,869,77,118,2
4349,869,636,93,1
4350,869,351,94,2
4351,869,1145,102,1
4352,869,845,113,1
4353,870,1256,112,2
4354,870,789,91,3
4355,870,720,119,3
4356,870,186,98,1
4357,870,1186,99,3
4358,871,637,93,1
4359,871,495,102,2
4360,871,1056,93,1
4361,872,113,92,3
4362,872,482,118,2
4363,872,230,106,1
4364,872,28,96,3
4365,872,608,112,2
4366,872,422,107,2
4367,872,78,118,1
4368,872,445,107,2
4369,872,94,118,1
4370,873,418,119,1
4371,873,440,107,1
4372,873,429,107,1
4373,873,731,119,2
4374,873,1126,102,1
4375,874,32,96,2
4376,874,919,96,2
4377,874,421,107,1
4378,874,1170,99,1
4379,874,826,117,3
4380,874,744,109,1
4381,874,1238,112,1
4382,874,973,97,3
4383,874,488,118,3
4384,875,6,96,1
4385,875,607,112,2
4386,875,74,118,3
4387,876,713,119,2
4388,876,739,109,3
4389,876,1087,115,2
4390,876,606,112,2
4391,876,697,113,2
4392,877,437,107,2
4393,877,1011,106,2
4394,877,509,102,1
4395,877,1042,90,2
4396,878,543,98,1
4397,878,1109,115,3
4398,879,789,91,3
4399,879,786,91,1
4400,880,724,119,2
4401,880,141,91,2
4402,880,161,91,3
4403,880,52,104,1
4404,880,860,113,1
4405,880,823,117,1
4406,880,1215,105,2
4407,881,1059,93,3
4408,881,41,104,1
4409,881,1258,112,1
4410,881,1121,102,2
4411,881,1077,93,2
4412,881,695,113,1
4413,881,177,98,1
4414,881,721,119,2
4415,881,729,119,1
4416,882,879,94,2
4417,882,240,106,1
4418,882,1013,106,1
4419,882,604,112,1
4420,882,321,109,2
4421,882,383,94,3
4422,882,681,113,3
4423,883,1057,93,1
4424,883,120,92,2
4425,883,155,91,2
4426,883,950,97,3
4427,883,361,94,1
4428,883,511,102,3
4429,883,883,94,3
4430,884,1037,90,2
4431,884,715,119,3
4432,884,1198,105,1
4433,884,133,92,3
4434,884,681,113,2
4435,884,428,107,3
4436,884,532,98,1
4437,884,729,119,3
4438,884,1199,105,1
4439,885,511,102,2
4440,885,930,96,3
4441,885,1222,105,2
4442,885,1012,106,3
4443,885,71,118,2
4444,886,112,92,2
4445,886,407,119,3
4446,886,466,118,3
4447,886,792,91,2
4448,886,357,94,2
4449,887,153,91,1
4450,887,356,94,2
4451,887,905,94,2
4452,887,977,97,2
4453,887,192,98,2
4454,888,395,119,2
4455,889,577,100,2
4456,890,664,93,2
4457,890,1126,102,1
4458,890,1052,93,2
4459,890,705,119,3
4460,890,1247,112,3
4461,890,545,98,1
4462,890,359,94,3
4463,890,838,117,1
4464,890,1121,102,3
4465,890,189,98,3
4466,891,442,107,3
4467,891,676,113,1
4468,891,514,102,2
4469,891,71,118,3
4470,891,193,98,3
4471,892,983,106,2
4472,893,1118,115,3
4473,893,1243,112,2
4474,893,838,117,1
4475,893,132,92,3
4476,893,927,96,2
4477,894,160,91,3
4478,894,1117,115,3
4479,894,1070,93,3
4480,894,1177,99,2
4481,894,1239,112,1
4482,894,109,92,3
4483,895,89,118,3
4484,895,835,117,1
4485,895,600,112,2
4486,895,643,93,1
4487,895,70,118,2
4488,895,700,119,1
4489,896,621,112,3
4490,896,388,119,2
4491,896,124,92,2
4492,896,1072,93,1
4493,896,905,94,1
4494,897,30,96,3
4495,897,91,118,3
4496,897,331,109,1
4497,897,589,100,2
4498,897,819,117,1
4499,897,873,113,1
4500,897,820,117,3
4501,897,546,98,3
4502,898,970,97,3
4503,898,212,106,3
4504,898,207,98,2
4505,898,366,94,1
4506,898,911,96,2
4507,898,28,96,3
4508,899,712,119,3
4509,899,112,92,2
4510,899,412,119,2
4511,899,1147,102,3
4512,900,636,93,2
4513,900,609,112,1
4514,900,406,119,1
4515,900,1108,115,3
4516,900,820,117,2
4517,900,679,113,3
4518,901,1144,102,2
4519,901,927,96,1
4520,901,207,98,3
4521,901,650,93,2
4522,901,441,107,1
4523,902,21,96,1
4524,902,683,113,2
4525,902,118,92,1
4526,902,892,94,2
4527,902,365,94,1
4528,902,568,100,3
4529,903,516,102,2
4530,903,121,92,1
4531,903,651,93,2
4532,903,992,106,2
4533,903,420,107,3
4534,903,1132,102,1
4535,904,1098,115,3
4536,904,148,91,3
4537,904,1096,115,3
4538,904,1240,112,1
4539,904,150,91,2
4540,905,486,118,3
4541,905,79,118,1
4542,905,870,113,2
4543,906,97,118,1
4544,906,569,100,2
4545,906,543,98,1
4546,906,727,119,3
4547,906,1027,90,1
4548,907,121,92,1
4549,907,115,92,1
4550,907,559,98,2
4551,908,635,93,2
4552,908,132,92,2
4553,908,196,98,3
4554,908,49,104,1
4555,908,1054,93,3
4556,908,817,117,3
4557,908,141,91,1
4558,908,631,93,3
4559,908,238,106,2
4560,908,842,113,1
4561,909,1218,105,1
4562,909,613,112,1
4563,909,309,105,3
4564,909,158,91,3
4565,909,1169,99,3
4566,909,507,102,3
4567,910,465,118,3
4568,910,908,94,2
4569,910,293,105,2
4570,910,21,96,2
4571,910,34,96,2
4572,911,979,97,1
4573,911,372,94,2
4574,911,915,96,1
4575,911,87,118,1
4576,912,1060,93,3
4577,913,761,109,1
4578,913,222,106,3
4579,914,123,92,3
4580,914,1114,115,2
4581,915,236,106,2
4582,915,216,106,1
4583,915,23,96,1
4584,915,53,104,1
4585,915,575,100,3
4586,915,1131,102,3
4587,915,1171,99,2
4588,915,1000,106,1
4589,916,904,94,1
4590,916,324,109,1
4591,916,118,92,1
4592,917,345,109,1
4593,918,539,98,3
4594,918,1119,115,2
4595,919,932,96,1
4596,920,1212,105,2
4597,920,540,98,3
4598,920,1000,106,3
4599,920,609,112,3
4600,920,502,102,1
4601,920,791,91,2
4602,920,943,96,3
4603,921,494,102,2
4604,921,1080,93,2
4605,921,573,100,3
4606,922,1231,112,2
4607,922,173,91,3
4608,923,655,93,3
4609,923,445,107,2
4610,923,462,118,3
4611,923,739,109,2
4612,923,222,106,1
4613,923,427,107,3
4614,924,38,104,2
4615,924,1176,99,1
4616,924,218,106,2
4617,925,880,94,1
4618,925,629,112,2
4619,925,511,102,3
4620,925,440,107,1
4621,925,209,98,2
4622,926,426,107,2
4623,926,469,118,2
4624,926,839,117,1
4625,926,810,117,2
4626,926,865,113,1
4627,926,661,93,1
4628,926,1148,102,3
4629,927,539,98,3
4630,927,390,119,3
4631,927,108,92,2
4632,927,1160,99,3
4633,928,22,96,1
4634,928,400,119,1
4635,928,67,104,1
4636,928,421,107,1
4637,928,290,105,1
4638,928,1105,115,2
4639,928,922,96,2
4640,929,1157,99,2
4641,929,167,91,3
4642,929,803,91,2
4643,929,256,95,1
4644,930,276,95,3
4645,930,1176,99,2
4646,930,389,119,2
4647,931,1241,112,1
4648,931,1025,90,2
4649,932,382,94,3
4650,932,821,117,1
4651,933,958,97,3
4652,933,1025,90,2
4653,933,415,119,2
4654,933,838,117,3
4655,933,687,113,1
4656,934,453,107,2
4657,934,202,98,1
4658,934,1165,99,1
4659,934,1194,105,1
4660,934,82,118,3
4661,934,113,92,2
4662,935,991,106,2
4663,935,843,113,1
4664,935,1122,102,2
4665,935,1020,90,3
4666,935,922,96,1
4667,935,926,96,2
4668,935,242,106,3
4669,935,262,95,3
4670,936,820,117,3
4671,936,235,106,3
4672,936,292,105,3
4673,936,405,119,3
4674,936,837,117,2
4675,936,1107,115,3
4676,936,1164,99,1
4677,936,399,119,3
4678,937,241,106,2
4679,937,418,119,3
4680,938,810,117,3
4681,938,361,94,3
4682,938,562,100,1
4683,938,547,98,2
4684,938,380,94,1
4685,938,1134,102,2
4686,938,126,92,3
4687,939,783,91,2
4688,939,382,94,2
4689,939,422,107,1
4690,939,441,107,2
4691,939,689,113,3
4692,939,1048,90,2
4693,940,1201,105,3
4694,940,575,100,1
4695,940,955,97,2
4696,940,212,106,1
4697,940,39,104,2
4698,940,390,119,2
4699,940,177,98,3
4700,940,1255,112,3
4701,940,514,102,2
4702,940,540,98,3
4703,941,518,102,3
4704,941,1224,105,3
4705,942,867,113,1
4706,942,192,98,1
4707,942,383,94,3
4708,942,251,95,2
4709,942,646,93,2
4710,943,1081,93,1
4711,943,217,106,3
4712,943,455,118,1
4713,944,820,117,2
4714,945,457,118,1
4715,945,1008,106,3
4716,945,817,117,2
4717,945,580,100,2
4718,945,899,94,2
4719,946,613,112,1
4720,946,4,96,3
4721,947,1042,90,1
4722,947,359,94,1
4723,947,440,107,1
4724,948,972,97,2
4725,948,1246,112,1
4726,948,121,92,1
4727,948,896,94,1
4728,949,621,112,3
4729,949,850,113,1
4730,949,827,117,1
4731,949,870,113,1
4732,949,316,109,3
4733,949,914,96,2
4734,950,1073,93,3
4735,950,1137,102,3
4736,950,170,91,3
4737,951,1059,93,3
4738,951,647,93,3
4739,951,631,93,1
4740,951,151,91,1
4741,951,154,91,1
4742,952,859,113,1
4743,952,721,119,2
4744,952,845,113,1
4745,952,707,119,3
4746,952,304,105,2
4747,952,1223,105,1
4748,952,78,118,2
4749,953,915,96,2
4750,953,80,118,1
4751,953,1128,102,2
4752,953,232,106,2
4753,953,815,117,3
4754,953,369,94,2
4755,953,302,105,1
4756,953,304,105,1
4757,953,509,102,3
4758,954,942,96,2
4759,954,791,91,1
4760,954,232,106,1
4761,954,824,117,2
4762,954,586,100,3
4763,954,1245,112,2
4764,954,617,112,3
4765,954,1011,106,3
4766,955,131,92,1
4767,955,393,119,1
4768,955,966,97,1
4769,955,1229,112,3
4770,955,938,96,3
4771,956,695,113,3
4772,956,672,113,2
4773,956,377,94,2
4774,956,1250,112,2
4775,956,548,98,3
4776,957,48,104,1
4777,957,107,92,2
4778,958,1184,99,2
4779,958,157,91,1
4780,959,732,119,3
4781,959,205,98,3
4782,959,1184,99,3
4783,960,313,105,3
4784,960,535,98,3
4785,960,1012,106,3
4786,960,147,91,1
4787,960,45,104,2
4788,960,606,112,1
4789,961,1255,112,2
4790,961,901,94,1
4791,961,1143,102,1
4792,961,636,93,3
4793,962,866,113,3
4794,962,750,109,3
4795,962,326,109,3
4796,962,367,94,2
4797,962,262,95,1
4798,962,387,119,3
4799,963,802,91,1
4800,963,513,102,2
4801,963,707,119,3
4802,963,303,105,1
4803,963,493,102,3
4804,963,293,105,3
4805,964,39,104,1
4806,964,1238,112,1
4807,964,1055,93,1
4808,965,1115,115,1
4809,965,966,97,1
4810,965,1022,90,3
4811,965,288,105,2
4812,965,1152,102,3
4813,965,101,118,2
4814,966,965,97,3
4815,966,416,119,3
4816,966,756,109,3
4817,966,1076,93,1
4818,966,326,109,2
4819,966,800,91,3
4820,966,342,109,1
4821,966,1078,93,3
4822,966,1177,99,3
4823,966,1148,102,3
4824,967,235,106,1
4825,967,283,105,1
4826,967,591,100,1
4827,967,1078,93,3
4828,967,133,92,2
4829,967,42,104,1
4830,967,769,109,2
4831,968,575,100,2
4832,968,403,119,3
4833,968,917,96,2
4834,968,447,107,3
4835,968,1077,93,3
4836,968,232,106,3
4837,969,651,93,2
4838,969,35,104,3
4839,969,266,95,2
4840,970,914,96,3
4841,970,912,96,2
4842,970,965,97,3
4843,970,403,119,3
4844,970,1253,112,3
4845,970,1211,105,3
4846,970,283,105,2
4847,970,319,109,1
4848,970,510,102,1
4849,970,268,95,2
4850,971,1179,99,3
4851,971,1207,105,3
4852,971,332,109,1
4853,972,1016,90,3
4854,972,578,100,2
4855,972,123,92,1
4856,972,952,97,3
4857,972,1189,99,1
4858,972,324,109,1
4859,972,1220,105,2
4860,972,478,118,2
4861,972,163,91,1
4862,972,846,113,2
4863,973,450,107,2
4864,973,255,95,3
4865,974,293,105,2
4866,974,1038,90,1
4867,974,183,98,2
4868,974,104,118,2
4869,974,540,98,1
4870,974,821,117,1
4871,974,955,97,1
4872,974,719,119,2
4873,975,799,91,1
4874,975,795,91,1
4875,975,902,94,1
4876,975,1084,93,3
4877,975,572,100,1
4878,976,354,94,1
4879,976,903,94,3
4880,976,673,113,2
4881,976,964,97,1
4882,976,402,119,1
4883,977,735,109,2
4884,977,665,113,3
4885,977,353,94,1
4886,977,856,113,2
4887,978,1242,112,3
4888,978,910,96,2
4889,978,323,109,1
4890,978,490,102,3
4891,978,728,119,2
4892,979,1047,90,1
4893,979,486,118,3
4894,980,1217,105,2
4895,980,305,105,3
4896,980,466,118,2
4897,980,1250,112,2
4898,980,929,96,2
4899,980,799,91,3
4900,981,250,95,2
4901,981,1150,102,1
4902,981,855,113,3
4903,981,690,113,2
4904,981,384,94,2
4905,981,880,94,3
4906,981,1079,93,1
4907,982,862,113,1
4908,982,694,113,1
4909,982,317,109,2
4910,982,909,94,3
4911,982,1228,112,1
4912,982,659,93,2
4913,983,1225,112,3
4914,983,921,96,1
4915,983,1088,115,3
4916,983,325,109,3
4917,983,667,113,1
4918,984,1221,105,3
4919,984,1229,112,3
4920,984,369,94,3
4921,984,62,104,2
4922,984,230,106,3
4923,984,302,105,3
4924,984,585,100,3
4925,985,277,95,2
4926,985,1129,102,1
4927,985,784,91,3
4928,985,837,117,2
4929,985,538,98,3
4930,986,795,91,1
4931,986,302,105,3
4932,986,1052,93,3
4933,987,1101,115,2
4934,987,27,96,1
4935,987,307,105,1
4936,987,452,107,2
4937,987,1158,99,2
4938,987,180,98,3
4939,988,532,98,2
4940,988,22,96,1
4941,988,798,91,2
4942,988,236,106,2
4943,988,639,93,3
4944,988,732,119,2
4945,989,78,118,2
4946,989,685,113,2
4947,989,330,109,1
4948,989,388,119,2
4949,990,1119,115,1
4950,990,1231,112,3
4951,990,1228,112,2
4952,990,1165,99,2
4953,990,125,92,3
4954,991,971,97,1
4955,991,212,106,3
4956,991,871,113,1
4957,991,18,96,1
4958,991,970,97,2
4959,991,215,106,1
4960,991,1205,105,3
4961,992,1214,105,2
4962,992,1,96,3
4963,992,299,105,1
4964,992,485,118,1
4965,992,539,98,3
4966,993,339,109,1
4967,993,361,94,3
4968,993,623,112,3
4969,993,1074,93,2
4970,993,525,98,2
4971,994,996,106,1
4972,994,962,97,3
4973,994,441,107,3
4974,994,73,118,1
4975,995,564,100,3
4976,995,837,117,1
4977,995,536,98,1
4978,995,756,109,2
4979,995,24,96,3
4980,995,244,106,1
4981,996,379,94,3
4982,996,794,91,2
4983,996,1034,90,2
4984,996,1144,102,1
4985,996,1011,106,3
4986,996,1053,93,1
4987,996,381,94,1
4988,996,53,104,2
4989,997,509,102,1
4990,997,514,102,1
4991,998,541,98,3
4992,998,478,118,3
4993,998,66,104,1
4994,998,972,97,1
4995,998,321,109,2
4996,998,251,95,3
4997,999,872,113,1
4998,999,998,106,2
4999,999,1105,115,1
