order_id,customer_id,payment,order_date,delivery_date,delivery_time
1,64,30811,2021-08-30,2021-09-24,25.0
2,473,50490,2021-02-03,2021-02-13,10.0
3,774,46763,2021-10-08,2021-11-03,26.0
4,433,39782,2021-05-06,2021-05-19,13.0
5,441,14719,2021-03-23,2021-03-24,1.0
6,800,16197,2021-09-09,2021-10-05,26.0
7,626,37666,2021-04-05,2021-04-11,6.0
8,58,28484,2021-04-12,2021-05-01,19.0
9,852,12896,2021-05-01,2021-05-11,10.0
10,659,21922,2021-10-15,2021-10-16,1.0
11,785,36624,2021-06-15,2021-06-30,15.0
12,120,55507,2021-06-30,2021-07-11,11.0
13,204,57810,2021-10-15,2021-10-31,16.0
14,957,21270,2021-03-29,2021-04-12,14.0
15,468,15488,2021-09-22,2021-10-08,16.0
16,564,36479,2021-07-07,2021-07-08,1.0
17,614,51822,2021-02-09,2021-02-11,2.0
18,299,22902,2021-01-01,2021-01-03,2.0
19,513,56754,2021-08-30,2021-09-10,11.0
20,789,45129,2021-01-13,2021-01-20,7.0
21,124,11261,2021-04-04,2021-04-17,13.0
22,180,36088,2021-05-28,2021-06-09,12.0
23,652,45711,2021-05-17,2021-05-22,5.0
24,469,14566,2021-09-04,2021-09-20,16.0
25,562,47075,2021-07-04,2021-07-08,4.0
26,732,15964,2021-04-25,2021-05-04,9.0
27,443,35513,2021-05-16,2021-05-28,12.0
28,206,29968,2021-08-19,2021-09-04,16.0
29,993,57645,2021-03-22,2021-03-28,6.0
30,260,59350,2021-07-07,2021-07-26,19.0
31,727,15722,2021-03-11,2021-04-05,25.0
32,627,24976,2021-06-17,2021-07-14,27.0
33,588,52945,2021-07-01,2021-07-07,6.0
34,412,36244,2021-05-23,2021-05-30,7.0
35,358,49665,2021-08-31,2021-09-07,7.0
36,51,32494,2021-08-22,2021-09-04,13.0
37,78,53949,2021-07-07,2021-07-18,11.0
38,809,46219,2021-02-03,2021-02-19,16.0
39,466,23990,2021-02-26,2021-03-20,22.0
40,86,56657,2021-01-07,2021-01-19,12.0
41,790,53386,2021-01-03,2021-01-09,6.0
42,690,33993,2021-07-29,2021-08-02,4.0
43,570,22839,2021-07-13,2021-08-03,21.0
44,849,17071,2021-09-07,2021-09-22,15.0
45,571,21738,2021-05-30,2021-06-21,22.0
46,922,25378,2021-06-22,2021-07-04,12.0
47,791,35453,2021-04-21,2021-04-23,2.0
48,620,31712,2021-04-16,2021-04-23,7.0
49,336,24219,2021-01-22,2021-02-13,22.0
50,454,50310,2021-09-16,2021-09-18,2.0
51,399,18423,2021-02-19,2021-02-26,7.0
52,493,32155,2021-10-06,2021-10-29,23.0
53,528,10517,2021-04-22,2021-05-02,10.0
54,195,13681,2021-04-25,2021-05-17,22.0
55,873,55650,2021-04-08,2021-04-25,17.0
56,587,17149,2021-01-23,2021-02-18,26.0
57,163,41495,2021-02-27,2021-03-13,14.0
58,332,42861,2021-02-02,2021-02-10,8.0
59,843,21858,2021-01-31,2021-02-27,27.0
60,301,31491,2021-02-05,2021-02-28,23.0
61,158,42290,2021-04-16,2021-04-28,12.0
62,93,37952,2021-07-30,2021-08-13,14.0
63,556,27577,2021-02-11,2021-03-08,25.0
64,167,23668,2021-01-24,2021-02-15,22.0
65,388,22051,2021-06-26,2021-07-22,26.0
66,631,42774,2021-08-14,2021-08-22,8.0
67,504,52694,2021-05-22,2021-06-17,26.0
68,180,20552,2021-02-12,2021-02-18,6.0
69,96,40619,2021-03-08,2021-03-28,20.0
70,802,11279,2021-05-15,2021-05-26,11.0
71,795,20283,2021-02-14,2021-02-16,2.0
72,610,40072,2021-03-13,2021-03-16,3.0
73,965,16715,2021-07-24,2021-08-19,26.0
74,391,39655,2021-02-23,2021-02-27,4.0
75,68,16667,2021-08-24,2021-09-15,22.0
76,470,22762,2021-06-18,2021-06-26,8.0
77,680,56675,2021-04-19,2021-04-29,10.0
78,681,58179,2021-05-13,2021-05-29,16.0
79,236,54340,2021-03-16,2021-03-25,9.0
80,872,59554,2021-04-26,2021-05-20,24.0
81,736,30150,2021-06-13,2021-06-15,2.0
82,927,32502,2021-02-02,2021-02-27,25.0
83,537,39729,2021-06-25,2021-07-01,6.0
84,181,43438,2021-08-26,2021-09-20,25.0
85,251,43533,2021-03-10,2021-03-22,12.0
86,874,27045,2021-08-05,2021-08-11,6.0
87,325,32961,2021-06-20,2021-07-16,26.0
88,567,10904,2021-07-19,2021-08-15,27.0
89,448,29268,2021-10-22,2021-11-16,25.0
90,809,11475,2021-06-13,2021-07-07,24.0
91,803,16601,2021-09-02,2021-09-15,13.0
92,273,37239,2021-01-12,2021-01-30,18.0
93,908,52379,2021-10-22,2021-11-11,20.0
94,629,47031,2021-03-08,2021-03-26,18.0
95,413,52416,2021-01-25,2021-02-05,11.0
96,415,12119,2021-06-20,2021-06-30,10.0
97,106,17772,2021-03-29,2021-03-31,2.0
98,257,44700,2021-04-29,2021-05-08,9.0
99,291,26787,2021-09-13,2021-09-25,12.0
100,817,57063,2021-03-30,2021-04-16,17.0
101,807,25174,2021-01-31,2021-02-27,27.0
102,846,41382,2021-05-07,2021-05-26,19.0
103,209,49852,2021-06-16,2021-06-24,8.0
104,366,11454,2021-06-05,2021-06-23,18.0
105,456,46013,2021-06-25,2021-07-14,19.0
106,573,12033,2021-03-09,2021-03-28,19.0
107,127,58760,2021-01-11,2021-02-03,23.0
108,935,52439,2021-03-07,2021-03-28,21.0
109,554,12707,2021-04-06,2021-04-29,23.0
110,607,15385,2021-09-02,2021-09-06,4.0
111,794,34096,2021-03-30,2021-04-14,15.0
112,75,46956,2021-02-04,2021-02-17,13.0
113,565,49592,2021-03-19,2021-04-08,20.0
114,160,49686,2021-08-08,2021-09-02,25.0
115,492,12685,2021-04-11,2021-04-22,11.0
116,510,15397,2021-04-25,2021-05-20,25.0
117,971,58134,2021-01-08,2021-01-23,15.0
118,639,37950,2021-02-20,2021-02-22,2.0
119,545,19955,2021-04-29,2021-05-06,7.0
120,585,53001,2021-06-09,2021-06-14,5.0
121,549,27436,2021-04-21,2021-04-23,2.0
122,732,29226,2021-04-13,2021-05-04,21.0
123,471,17133,2021-03-04,2021-03-22,18.0
124,776,43888,2021-07-06,2021-07-15,9.0
125,321,29600,2021-10-22,2021-11-03,12.0
126,326,29536,2021-01-31,2021-02-20,20.0
127,51,43262,2021-04-01,2021-04-11,10.0
128,936,17661,2021-10-13,2021-11-09,27.0
129,428,42185,2021-05-24,2021-05-27,3.0
130,439,12827,2021-06-20,2021-07-15,25.0
131,629,52850,2021-09-20,2021-09-24,4.0
132,562,10396,2021-04-17,2021-05-01,14.0
133,878,43759,2021-07-07,2021-07-17,10.0
134,12,39451,2021-06-19,2021-07-01,12.0
135,942,53723,2021-05-15,2021-06-02,18.0
136,539,35331,2021-09-06,2021-09-08,2.0
137,298,58875,2021-10-18,2021-10-20,2.0
138,331,50666,2021-02-05,2021-02-10,5.0
139,871,11224,2021-06-15,2021-06-28,13.0
140,539,35025,2021-04-08,2021-04-13,5.0
141,528,40203,2021-08-26,2021-09-13,18.0
142,237,53165,2021-06-15,2021-07-12,27.0
143,828,37187,2021-02-08,2021-02-11,3.0
144,928,15762,2021-05-22,2021-05-28,6.0
145,871,26358,2021-02-02,2021-02-10,8.0
146,912,22750,2021-08-30,2021-09-26,27.0
147,818,20690,2021-09-28,2021-10-16,18.0
148,573,14073,2021-01-14,2021-01-24,10.0
149,500,31490,2021-03-03,2021-03-14,11.0
150,462,34428,2021-06-22,2021-06-27,5.0
151,357,24626,2021-08-08,2021-09-01,24.0
152,320,24866,2021-03-09,2021-03-12,3.0
153,727,49677,2021-10-21,2021-11-17,27.0
154,674,49994,2021-10-17,2021-11-07,21.0
155,834,11166,2021-06-30,2021-07-18,18.0
156,727,37878,2021-07-10,2021-07-29,19.0
157,909,17955,2021-04-07,2021-04-17,10.0
158,828,14010,2021-07-13,2021-08-04,22.0
159,208,12449,2021-09-05,2021-09-13,8.0
160,725,41442,2021-07-31,2021-08-06,6.0
161,566,45840,2021-03-22,2021-04-11,20.0
162,431,20238,2021-04-25,2021-05-05,10.0
163,84,11473,2021-06-12,2021-06-17,5.0
164,412,26249,2021-05-21,2021-06-03,13.0
165,389,28345,2021-06-23,2021-07-20,27.0
166,113,11914,2021-07-11,2021-07-14,3.0
167,595,44269,2021-06-26,2021-07-18,22.0
168,664,51244,2021-01-10,2021-01-27,17.0
169,996,22089,2021-03-09,2021-03-12,3.0
170,867,28597,2021-08-17,2021-09-03,17.0
171,443,19467,2021-09-14,2021-09-16,2.0
172,224,47514,2021-01-05,2021-01-27,22.0
173,435,30001,2021-06-06,2021-07-01,25.0
174,497,46769,2021-02-22,2021-03-17,23.0
175,309,57197,2021-03-22,2021-04-16,25.0
176,574,28185,2021-09-26,2021-10-04,8.0
177,315,11314,2021-08-20,2021-09-01,12.0
178,236,31542,2021-02-02,2021-02-08,6.0
179,161,52081,2021-06-10,2021-06-27,17.0
180,469,14617,2021-05-29,2021-06-22,24.0
181,241,23142,2021-01-29,2021-02-13,15.0
182,461,33720,2021-02-22,2021-03-04,10.0
183,715,51587,2021-10-06,2021-10-12,6.0
184,240,48997,2021-09-15,2021-09-29,14.0
185,945,46608,2021-04-06,2021-04-20,14.0
186,833,24061,2021-09-26,2021-10-14,18.0
187,401,15167,2021-01-10,2021-01-19,9.0
188,571,41180,2021-04-10,2021-04-22,12.0
189,586,41543,2021-07-17,2021-08-08,22.0
190,421,28420,2021-02-01,2021-02-17,16.0
191,18,31002,2021-01-22,2021-02-15,24.0
192,842,30614,2021-02-06,2021-02-19,13.0
193,846,54256,2021-06-06,2021-06-07,1.0
194,415,21994,2021-10-23,2021-11-03,11.0
195,92,41725,2021-04-13,2021-04-17,4.0
196,630,48990,2021-10-22,2021-11-16,25.0
197,110,23619,2021-04-30,2021-05-01,1.0
198,640,29627,2021-08-31,2021-09-13,13.0
199,206,58054,2021-05-17,2021-05-18,1.0
200,15,50335,2021-08-24,2021-09-07,14.0
201,325,56321,2021-05-26,2021-06-18,23.0
202,129,49559,2021-04-15,2021-04-22,7.0
203,369,40129,2021-06-21,2021-07-11,20.0
204,568,35005,2021-09-30,2021-10-10,10.0
205,267,23779,2021-02-03,2021-02-04,1.0
206,654,24189,2021-06-01,2021-06-16,15.0
207,644,57755,2021-09-25,2021-09-28,3.0
208,28,39533,2021-10-10,2021-10-15,5.0
209,292,36341,2021-05-08,2021-05-20,12.0
210,723,21903,2021-07-22,2021-08-18,27.0
211,515,37122,2021-05-09,2021-05-17,8.0
212,62,29887,2021-10-14,2021-11-08,25.0
213,678,37684,2021-09-14,2021-09-27,13.0
214,288,25179,2021-06-20,2021-07-09,19.0
215,526,27531,2021-08-10,2021-08-20,10.0
216,865,56745,2021-04-16,2021-05-04,18.0
217,234,47120,2021-07-18,2021-07-31,13.0
218,606,22309,2021-07-12,2021-07-20,8.0
219,667,14137,2021-01-05,2021-01-10,5.0
220,555,23957,2021-10-10,2021-10-25,15.0
221,473,49366,2021-08-03,2021-08-17,14.0
222,368,28754,2021-09-08,2021-10-05,27.0
223,657,13441,2021-03-23,2021-03-30,7.0
224,628,20293,2021-07-07,2021-08-02,26.0
225,664,27059,2021-10-04,2021-10-26,22.0
226,28,44799,2021-07-09,2021-07-23,14.0
227,406,36809,2021-10-23,2021-11-19,27.0
228,773,10857,2021-01-06,2021-01-17,11.0
229,107,15827,2021-10-08,2021-10-20,12.0
230,497,54581,2021-08-31,2021-09-18,18.0
231,731,58824,2021-03-20,2021-04-09,20.0
232,256,44567,2021-05-02,2021-05-16,14.0
233,996,29939,2021-09-03,2021-09-19,16.0
234,133,26314,2021-09-18,2021-10-10,22.0
235,767,23434,2021-09-28,2021-10-12,14.0
236,228,49109,2021-07-15,2021-08-08,24.0
237,829,20267,2021-03-16,2021-04-06,21.0
238,328,59828,2021-03-17,2021-03-27,10.0
239,530,45974,2021-10-13,2021-11-02,20.0
240,578,37612,2021-01-27,2021-02-01,5.0
241,401,33692,2021-07-22,2021-08-17,26.0
242,909,12202,2021-08-25,2021-09-13,19.0
243,263,31631,2021-07-06,2021-07-11,5.0
244,637,18966,2021-09-02,2021-09-09,7.0
245,191,49443,2021-05-06,2021-05-10,4.0
246,641,39230,2021-06-19,2021-07-16,27.0
247,68,39513,2021-10-19,2021-11-12,24.0
248,457,29329,2021-01-15,2021-01-20,5.0
249,86,47181,2021-05-13,2021-05-26,13.0
250,518,18564,2021-03-26,2021-04-03,8.0
251,433,30132,2021-07-31,2021-08-27,27.0
252,683,11465,2021-01-11,2021-02-05,25.0
253,179,38502,2021-09-10,2021-10-02,22.0
254,571,57662,2021-08-07,2021-09-03,27.0
255,605,16272,2021-09-26,2021-10-15,19.0
256,313,15452,2021-08-09,2021-08-12,3.0
257,914,43972,2021-02-12,2021-03-02,18.0
258,742,38266,2021-10-21,2021-11-13,23.0
259,878,47527,2021-08-16,2021-09-07,22.0
260,317,56068,2021-07-13,2021-07-25,12.0
261,250,55396,2021-02-06,2021-03-01,23.0
262,812,55461,2021-05-22,2021-05-24,2.0
263,372,12599,2021-06-19,2021-07-08,19.0
264,636,55537,2021-06-13,2021-06-18,5.0
265,189,40896,2021-07-04,2021-07-29,25.0
266,623,58746,2021-03-10,2021-03-20,10.0
267,34,44791,2021-09-11,2021-09-12,1.0
268,530,57006,2021-03-16,2021-04-10,25.0
269,89,21446,2021-02-05,2021-02-22,17.0
270,711,14024,2021-03-02,2021-03-27,25.0
271,469,39282,2021-06-07,2021-06-09,2.0
272,92,19661,2021-01-20,2021-01-31,11.0
273,828,13233,2021-10-07,2021-11-03,27.0
274,19,50173,2021-04-13,2021-04-27,14.0
275,329,17666,2021-01-05,2021-01-15,10.0
276,775,48376,2021-06-20,2021-06-24,4.0
277,659,48337,2021-04-05,2021-04-06,1.0
278,510,19930,2021-01-30,2021-02-13,14.0
279,620,51563,2021-07-25,2021-07-28,3.0
280,551,20352,2021-01-07,2021-01-08,1.0
281,489,19908,2021-07-03,2021-07-15,12.0
282,423,41504,2021-03-30,2021-04-18,19.0
283,303,14784,2021-09-04,2021-09-15,11.0
284,522,36627,2021-04-29,2021-05-16,17.0
285,882,41206,2021-09-25,2021-10-20,25.0
286,998,18840,2021-01-05,2021-01-08,3.0
287,799,10368,2021-09-09,2021-10-03,24.0
288,201,36160,2021-10-13,2021-10-16,3.0
289,977,10046,2021-01-26,2021-02-16,21.0
290,364,48707,2021-08-01,2021-08-16,15.0
291,112,50830,2021-01-12,2021-02-05,24.0
292,337,36699,2021-03-26,2021-04-04,9.0
293,426,32389,2021-08-05,2021-08-13,8.0
294,499,50667,2021-08-28,2021-09-15,18.0
295,412,55019,2021-03-05,2021-03-19,14.0
296,207,47076,2021-10-22,2021-10-25,3.0
297,256,23789,2021-06-15,2021-06-27,12.0
298,58,55984,2021-09-11,2021-09-20,9.0
299,994,58159,2021-01-12,2021-02-03,22.0
300,912,47255,2021-09-30,2021-10-25,25.0
301,535,12986,2021-06-21,2021-06-25,4.0
302,156,32298,2021-06-19,2021-07-07,18.0
303,758,58670,2021-09-02,2021-09-11,9.0
304,537,27293,2021-04-10,2021-05-03,23.0
305,234,13377,2021-07-09,2021-07-26,17.0
306,747,51492,2021-10-16,2021-10-19,3.0
307,679,17726,2021-10-11,2021-10-28,17.0
308,549,18834,2021-02-13,2021-03-08,23.0
309,390,26229,2021-01-07,2021-01-25,18.0
310,348,18372,2021-04-25,2021-05-15,20.0
311,807,21226,2021-03-07,2021-03-25,18.0
312,683,38591,2021-07-06,2021-07-31,25.0
313,266,24507,2021-06-02,2021-06-11,9.0
314,95,49262,2021-08-14,2021-08-17,3.0
315,239,18075,2021-04-05,2021-04-25,20.0
316,179,59876,2021-09-12,2021-09-20,8.0
317,876,18204,2021-04-23,2021-04-26,3.0
318,433,39332,2021-01-31,2021-02-17,17.0
319,933,29837,2021-08-22,2021-09-16,25.0
320,41,19693,2021-08-22,2021-09-12,21.0
321,833,36589,2021-08-26,2021-08-31,5.0
322,686,41400,2021-08-17,2021-09-12,26.0
323,852,11437,2021-03-23,2021-04-13,21.0
324,99,10411,2021-07-05,2021-07-16,11.0
325,318,18010,2021-05-11,2021-05-28,17.0
326,199,15380,2021-06-22,2021-07-01,9.0
327,710,11611,2021-07-28,2021-07-31,3.0
328,246,26653,2021-04-14,2021-05-08,24.0
329,820,58708,2021-04-30,2021-05-24,24.0
330,887,31700,2021-03-12,2021-04-08,27.0
331,414,38796,2021-03-18,2021-03-23,5.0
332,466,12799,2021-03-13,2021-03-14,1.0
333,367,21091,2021-10-18,2021-11-09,22.0
334,539,32277,2021-05-12,2021-05-23,11.0
335,485,51638,2021-09-30,2021-10-24,24.0
336,615,16829,2021-05-25,2021-05-28,3.0
337,341,49047,2021-08-02,2021-08-04,2.0
338,630,12762,2021-01-26,2021-02-13,18.0
339,409,15556,2021-04-06,2021-04-13,7.0
340,841,56172,2021-07-17,2021-08-13,27.0
341,602,13882,2021-02-07,2021-02-09,2.0
342,348,29452,2021-08-24,2021-09-08,15.0
343,673,37831,2021-09-17,2021-10-06,19.0
344,526,44938,2021-08-16,2021-09-06,21.0
345,711,17146,2021-02-14,2021-03-05,19.0
346,739,35045,2021-03-23,2021-04-06,14.0
347,209,18829,2021-05-29,2021-06-14,16.0
348,732,42741,2021-10-07,2021-10-28,21.0
349,847,36910,2021-04-13,2021-04-29,16.0
350,869,49770,2021-02-14,2021-03-02,16.0
351,478,37332,2021-05-02,2021-05-04,2.0
352,52,13270,2021-10-08,2021-10-10,2.0
353,774,46198,2021-03-30,2021-04-05,6.0
354,18,33908,2021-02-26,2021-03-08,10.0
355,46,33100,2021-04-14,2021-04-24,10.0
356,236,34259,2021-04-01,2021-04-15,14.0
357,70,30735,2021-02-08,2021-02-13,5.0
358,796,41343,2021-04-07,2021-04-12,5.0
359,661,47911,2021-05-16,2021-05-31,15.0
360,870,45309,2021-08-03,2021-08-08,5.0
361,988,18831,2021-02-06,2021-02-25,19.0
362,96,21601,2021-09-30,2021-10-07,7.0
363,882,57405,2021-01-25,2021-02-21,27.0
364,925,25525,2021-03-13,2021-04-03,21.0
365,485,37396,2021-04-14,2021-04-25,11.0
366,334,43210,2021-07-15,2021-07-30,15.0
367,181,35564,2021-02-20,2021-03-19,27.0
368,556,15258,2021-09-02,2021-09-21,19.0
369,729,24488,2021-03-26,2021-04-18,23.0
370,986,53990,2021-01-22,2021-02-11,20.0
371,727,28931,2021-08-29,2021-09-15,17.0
372,991,51705,2021-03-14,2021-03-19,5.0
373,581,25727,2021-03-13,2021-04-03,21.0
374,981,25047,2021-06-05,2021-06-20,15.0
375,655,19991,2021-01-20,2021-01-26,6.0
376,571,15454,2021-07-04,2021-07-17,13.0
377,21,24815,2021-05-19,2021-05-28,9.0
378,623,37922,2021-09-29,2021-10-25,26.0
379,467,15378,2021-02-13,2021-02-15,2.0
380,75,13269,2021-03-22,2021-03-28,6.0
381,258,36550,2021-04-11,2021-05-03,22.0
382,791,24647,2021-05-04,2021-05-15,11.0
383,469,36564,2021-09-08,2021-09-14,6.0
384,709,39383,2021-05-27,2021-06-22,26.0
385,146,43155,2021-08-08,2021-08-24,16.0
386,458,34948,2021-02-14,2021-03-03,17.0
387,341,34491,2021-06-11,2021-06-14,3.0
388,601,34341,2021-02-12,2021-02-17,5.0
389,643,42818,2021-04-20,2021-04-23,3.0
390,206,57651,2021-01-20,2021-01-24,4.0
391,726,24661,2021-05-16,2021-06-06,21.0
392,840,32036,2021-01-12,2021-01-25,13.0
393,803,24994,2021-05-06,2021-05-27,21.0
394,508,18584,2021-09-06,2021-09-10,4.0
395,728,24101,2021-03-26,2021-04-02,7.0
396,461,57491,2021-02-26,2021-03-03,5.0
397,446,33872,2021-02-03,2021-02-22,19.0
398,13,31626,2021-09-28,2021-10-13,15.0
399,331,57278,2021-10-21,2021-10-30,9.0
400,907,44904,2021-07-02,2021-07-25,23.0
401,94,24512,2021-08-14,2021-08-24,10.0
402,537,26681,2021-03-09,2021-04-04,26.0
403,980,17088,2021-09-16,2021-09-25,9.0
404,998,45215,2021-03-03,2021-03-09,6.0
405,493,51471,2021-08-09,2021-08-12,3.0
406,892,35512,2021-07-25,2021-08-18,24.0
407,835,42595,2021-01-09,2021-01-20,11.0
408,404,39757,2021-01-30,2021-02-15,16.0
409,206,15453,2021-05-03,2021-05-11,8.0
410,47,14296,2021-08-04,2021-08-09,5.0
411,771,38909,2021-03-17,2021-04-08,22.0
412,427,25520,2021-09-23,2021-10-13,20.0
413,589,35487,2021-10-17,2021-10-31,14.0
414,212,57052,2021-01-02,2021-01-03,1.0
415,947,35686,2021-07-14,2021-07-19,5.0
416,129,37878,2021-10-08,2021-10-25,17.0
417,729,45024,2021-09-14,2021-10-11,27.0
418,918,55376,2021-08-24,2021-09-15,22.0
419,745,19518,2021-10-20,2021-11-10,21.0
420,482,25541,2021-02-22,2021-03-19,25.0
421,691,24273,2021-09-28,2021-10-09,11.0
422,375,48025,2021-03-16,2021-03-26,10.0
423,507,34107,2021-06-12,2021-06-21,9.0
424,551,58723,2021-03-13,2021-03-18,5.0
425,606,12705,2021-02-21,2021-03-17,24.0
426,776,32793,2021-09-26,2021-10-16,20.0
427,282,20082,2021-01-27,2021-02-10,14.0
428,431,48629,2021-02-24,2021-03-23,27.0
429,754,23238,2021-02-08,2021-02-22,14.0
430,155,49272,2021-02-08,2021-03-01,21.0
431,325,35804,2021-04-25,2021-05-09,14.0
432,20,37821,2021-10-20,2021-11-03,14.0
433,419,32215,2021-08-18,2021-09-02,15.0
434,940,42284,2021-05-11,2021-06-01,21.0
435,886,56764,2021-02-17,2021-02-22,5.0
436,739,47040,2021-08-17,2021-09-10,24.0
437,269,42857,2021-08-25,2021-09-05,11.0
438,989,51250,2021-05-22,2021-05-31,9.0
439,286,15329,2021-08-24,2021-09-06,13.0
440,553,14884,2021-10-09,2021-10-30,21.0
441,726,13419,2021-02-28,2021-03-02,2.0
442,693,58324,2021-03-24,2021-03-30,6.0
443,966,10043,2021-03-09,2021-03-27,18.0
444,383,33452,2021-03-07,2021-03-26,19.0
445,893,27329,2021-07-07,2021-07-27,20.0
446,283,19398,2021-03-26,2021-03-30,4.0
447,100,59708,2021-01-10,2021-01-23,13.0
448,185,16486,2021-08-20,2021-08-31,11.0
449,163,56294,2021-10-23,2021-11-09,17.0
450,648,12078,2021-04-30,2021-05-05,5.0
451,566,29859,2021-08-25,2021-09-06,12.0
452,123,50557,2021-10-09,2021-10-22,13.0
453,371,53761,2021-08-13,2021-08-22,9.0
454,441,40423,2021-03-29,2021-04-12,14.0
455,1,24550,2021-04-04,2021-04-06,2.0
456,450,53893,2021-06-28,2021-07-20,22.0
457,490,52472,2021-03-04,2021-03-12,8.0
458,757,13142,2021-10-21,2021-11-10,20.0
459,853,24079,2021-06-18,2021-07-06,18.0
460,250,29924,2021-06-07,2021-06-17,10.0
461,244,53553,2021-02-14,2021-02-19,5.0
462,769,44429,2021-01-31,2021-02-20,20.0
463,641,19206,2021-03-16,2021-04-09,24.0
464,103,26925,2021-06-29,2021-07-25,26.0
465,7,48935,2021-05-21,2021-05-23,2.0
466,628,11363,2021-06-10,2021-07-05,25.0
467,102,23636,2021-02-24,2021-03-10,14.0
468,238,56092,2021-04-15,2021-04-17,2.0
469,907,25333,2021-04-27,2021-05-04,7.0
470,810,18707,2021-09-11,2021-10-04,23.0
471,282,56849,2021-07-08,2021-07-10,2.0
472,85,44735,2021-07-15,2021-07-29,14.0
473,61,36137,2021-05-19,2021-06-12,24.0
474,571,17401,2021-08-19,2021-09-09,21.0
475,696,36229,2021-05-27,2021-06-01,5.0
476,757,42157,2021-10-07,2021-11-02,26.0
477,97,37504,2021-06-20,2021-06-26,6.0
478,452,17279,2021-10-15,2021-10-23,8.0
479,51,18796,2021-06-27,2021-07-16,19.0
480,180,38248,2021-07-15,2021-08-05,21.0
481,227,17525,2021-08-20,2021-09-12,23.0
482,111,59910,2021-08-03,2021-08-09,6.0
483,742,26333,2021-03-15,2021-03-20,5.0
484,926,26887,2021-05-05,2021-05-31,26.0
485,969,49699,2021-01-08,2021-01-28,20.0
486,643,10132,2021-04-27,2021-05-08,11.0
487,926,21220,2021-01-09,2021-02-05,27.0
488,638,52570,2021-10-01,2021-10-26,25.0
489,77,28578,2021-08-30,2021-09-21,22.0
490,816,11291,2021-09-15,2021-09-29,14.0
491,783,10074,2021-02-24,2021-03-18,22.0
492,568,49046,2021-07-24,2021-08-07,14.0
493,895,42647,2021-04-24,2021-05-03,9.0
494,740,37675,2021-07-31,2021-08-15,15.0
495,352,41706,2021-08-10,2021-08-19,9.0
496,574,32782,2021-06-17,2021-06-27,10.0
497,900,29655,2021-07-07,2021-07-09,2.0
498,647,23201,2021-07-15,2021-07-23,8.0
499,690,52749,2021-10-24,2021-10-26,2.0
500,571,41037,2021-01-15,2021-01-24,9.0
501,706,41180,2021-02-16,2021-02-25,9.0
502,485,57115,2021-02-18,2021-03-07,17.0
503,937,43249,2021-08-19,2021-09-05,17.0
504,192,57782,2021-01-13,2021-02-08,26.0
505,737,37947,2021-08-17,2021-08-27,10.0
506,648,18355,2021-09-11,2021-09-27,16.0
507,58,29761,2021-06-20,2021-07-11,21.0
508,834,42640,2021-07-17,2021-08-01,15.0
509,676,20368,2021-01-02,2021-01-25,23.0
510,125,47242,2021-09-29,2021-10-01,2.0
511,282,43667,2021-08-22,2021-09-12,21.0
512,223,21235,2021-10-13,2021-11-05,23.0
513,950,49647,2021-05-24,2021-06-04,11.0
514,740,13918,2021-07-12,2021-07-22,10.0
515,23,20627,2021-05-23,2021-06-13,21.0
516,506,20934,2021-05-21,2021-05-26,5.0
517,797,37440,2021-06-23,2021-06-30,7.0
518,196,28347,2021-06-03,2021-06-18,15.0
519,244,23212,2021-08-23,2021-09-12,20.0
520,679,13400,2021-02-04,2021-03-01,25.0
521,382,35247,2021-03-17,2021-03-31,14.0
522,761,35937,2021-03-19,2021-04-05,17.0
523,516,17584,2021-04-25,2021-05-18,23.0
524,60,28334,2021-07-21,2021-08-01,11.0
525,986,32747,2021-09-25,2021-10-20,25.0
526,55,10434,2021-05-16,2021-05-22,6.0
527,79,16864,2021-09-13,2021-10-09,26.0
528,343,56020,2021-09-16,2021-10-07,21.0
529,767,31199,2021-01-10,2021-01-19,9.0
530,467,20275,2021-01-07,2021-01-23,16.0
531,742,26445,2021-01-14,2021-02-08,25.0
532,523,11590,2021-09-08,2021-09-20,12.0
533,558,28560,2021-06-04,2021-06-09,5.0
534,49,31586,2021-09-23,2021-09-26,3.0
535,585,23905,2021-01-25,2021-02-07,13.0
536,927,21110,2021-02-05,2021-02-21,16.0
537,203,10838,2021-02-14,2021-03-13,27.0
538,754,11543,2021-01-04,2021-01-26,22.0
539,609,55906,2021-01-03,2021-01-25,22.0
540,772,37955,2021-03-21,2021-03-30,9.0
541,490,29630,2021-08-20,2021-08-22,2.0
542,282,38737,2021-02-10,2021-02-14,4.0
543,769,12692,2021-07-28,2021-08-09,12.0
544,347,14706,2021-03-05,2021-03-14,9.0
545,439,53117,2021-06-21,2021-07-02,11.0
546,664,42478,2021-04-29,2021-05-19,20.0
547,163,13784,2021-10-19,2021-10-30,11.0
548,135,19053,2021-07-17,2021-07-26,9.0
549,401,39916,2021-06-02,2021-06-09,7.0
550,26,52719,2021-08-04,2021-08-09,5.0
551,330,51823,2021-09-16,2021-09-18,2.0
552,264,14653,2021-01-10,2021-01-17,7.0
553,49,16753,2021-03-06,2021-03-14,8.0
554,842,28264,2021-05-07,2021-05-26,19.0
555,922,42350,2021-09-03,2021-09-09,6.0
556,566,40530,2021-07-30,2021-08-01,2.0
557,504,12905,2021-04-19,2021-04-24,5.0
558,729,45726,2021-03-02,2021-03-18,16.0
559,611,22094,2021-03-03,2021-03-15,12.0
560,11,41952,2021-05-28,2021-06-05,8.0
561,764,42366,2021-02-15,2021-03-13,26.0
562,632,45999,2021-09-19,2021-10-03,14.0
563,611,56965,2021-07-04,2021-07-16,12.0
564,583,16074,2021-08-23,2021-09-19,27.0
565,442,34458,2021-02-25,2021-03-15,18.0
566,614,21778,2021-07-24,2021-08-10,17.0
567,104,25661,2021-06-21,2021-06-23,2.0
568,783,49427,2021-01-09,2021-01-22,13.0
569,757,16594,2021-03-16,2021-04-06,21.0
570,81,19171,2021-03-09,2021-03-14,5.0
571,472,23645,2021-02-02,2021-02-10,8.0
572,479,34112,2021-01-01,2021-01-06,5.0
573,736,40227,2021-01-02,2021-01-09,7.0
574,434,44975,2021-06-21,2021-07-03,12.0
575,54,27420,2021-08-14,2021-08-16,2.0
576,218,12261,2021-04-26,2021-05-05,9.0
577,840,29313,2021-02-20,2021-03-12,20.0
578,926,44312,2021-05-09,2021-05-12,3.0
579,501,15623,2021-03-28,2021-04-20,23.0
580,171,26947,2021-04-30,2021-05-09,9.0
581,708,35176,2021-05-09,2021-05-29,20.0
582,783,31116,2021-09-03,2021-09-18,15.0
583,290,54787,2021-04-07,2021-04-10,3.0
584,142,37030,2021-06-29,2021-07-01,2.0
585,844,19207,2021-03-20,2021-03-23,3.0
586,998,15870,2021-02-27,2021-03-22,23.0
587,402,44323,2021-09-08,2021-09-11,3.0
588,612,13740,2021-05-26,2021-06-20,25.0
589,692,11378,2021-06-25,2021-07-20,25.0
590,898,27817,2021-07-06,2021-07-15,9.0
591,588,39095,2021-06-18,2021-07-06,18.0
592,973,15464,2021-06-29,2021-07-07,8.0
593,515,30838,2021-02-21,2021-03-11,18.0
594,711,22390,2021-06-14,2021-06-23,9.0
595,10,45626,2021-03-09,2021-03-29,20.0
596,693,51828,2021-06-13,2021-06-27,14.0
597,107,22758,2021-08-04,2021-08-16,12.0
598,638,59393,2021-06-20,2021-07-05,15.0
599,308,47972,2021-09-23,2021-10-17,24.0
600,921,19484,2021-09-15,2021-09-16,1.0
601,916,24064,2021-06-13,2021-06-28,15.0
602,987,41932,2021-02-14,2021-03-07,21.0
603,549,42922,2021-08-30,2021-09-04,5.0
604,492,21635,2021-07-20,2021-08-13,24.0
605,402,48620,2021-08-20,2021-09-06,17.0
606,692,54506,2021-01-31,2021-02-08,8.0
607,648,36692,2021-10-19,2021-11-12,24.0
608,530,31878,2021-08-13,2021-08-15,2.0
609,25,21514,2021-04-22,2021-05-08,16.0
610,735,27821,2021-08-04,2021-08-31,27.0
611,155,56937,2021-05-01,2021-05-25,24.0
612,486,31877,2021-05-10,2021-05-12,2.0
613,682,10501,2021-05-23,2021-06-07,15.0
614,732,35663,2021-04-18,2021-05-03,15.0
615,690,28680,2021-01-31,2021-02-10,10.0
616,21,28727,2021-05-13,2021-05-14,1.0
617,371,30281,2021-08-30,2021-09-07,8.0
618,882,28515,2021-08-01,2021-08-26,25.0
619,225,58688,2021-02-25,2021-03-04,7.0
620,614,41599,2021-07-19,2021-08-01,13.0
621,102,41563,2021-07-16,2021-08-07,22.0
622,587,45682,2021-05-16,2021-06-07,22.0
623,808,36530,2021-10-20,2021-10-30,10.0
624,398,20149,2021-03-19,2021-04-08,20.0
625,233,54080,2021-07-17,2021-07-28,11.0
626,348,10193,2021-09-30,2021-10-17,17.0
627,680,19664,2021-04-03,2021-04-08,5.0
628,534,20973,2021-09-08,2021-09-28,20.0
629,904,36276,2021-08-07,2021-08-20,13.0
630,644,39447,2021-01-12,2021-01-31,19.0
631,460,30101,2021-04-14,2021-05-08,24.0
632,952,44405,2021-04-11,2021-04-17,6.0
633,183,30197,2021-07-02,2021-07-13,11.0
634,327,35370,2021-10-13,2021-10-23,10.0
635,50,51943,2021-07-15,2021-08-05,21.0
636,793,23528,2021-04-02,2021-04-07,5.0
637,886,14294,2021-08-06,2021-08-18,12.0
638,548,12781,2021-10-03,2021-10-17,14.0
639,906,51950,2021-03-30,2021-04-22,23.0
640,873,11002,2021-01-23,2021-01-26,3.0
641,20,54363,2021-03-10,2021-03-22,12.0
642,835,12392,2021-01-11,2021-01-26,15.0
643,778,50321,2021-05-18,2021-05-24,6.0
644,207,52925,2021-03-13,2021-03-22,9.0
645,794,46397,2021-08-19,2021-09-13,25.0
646,369,16504,2021-05-08,2021-05-28,20.0
647,439,10912,2021-02-06,2021-02-11,5.0
648,522,43363,2021-07-16,2021-07-19,3.0
649,840,44955,2021-07-28,2021-08-16,19.0
650,739,42938,2021-01-02,2021-01-15,13.0
651,581,39199,2021-05-22,2021-05-25,3.0
652,691,30816,2021-03-09,2021-03-27,18.0
653,629,19186,2021-02-19,2021-03-18,27.0
654,417,40412,2021-08-18,2021-08-30,12.0
655,333,36298,2021-05-25,2021-06-06,12.0
656,907,19288,2021-03-22,2021-03-23,1.0
657,479,31922,2021-07-22,2021-07-28,6.0
658,201,42131,2021-05-23,2021-06-05,13.0
659,328,45445,2021-09-30,2021-10-15,15.0
660,787,48757,2021-08-16,2021-08-25,9.0
661,427,15302,2021-09-14,2021-09-17,3.0
662,924,38356,2021-09-19,2021-09-29,10.0
663,836,14469,2021-04-09,2021-04-10,1.0
664,21,11960,2021-01-07,2021-01-20,13.0
665,176,16606,2021-03-10,2021-03-26,16.0
666,456,36112,2021-08-25,2021-09-11,17.0
667,737,48958,2021-03-23,2021-03-28,5.0
668,22,40483,2021-03-15,2021-03-30,15.0
669,247,17921,2021-06-18,2021-07-02,14.0
670,1,10246,2021-03-06,2021-04-01,26.0
671,156,28194,2021-06-22,2021-07-08,16.0
672,677,59213,2021-02-12,2021-02-25,13.0
673,326,34789,2021-02-05,2021-02-19,14.0
674,300,51598,2021-01-29,2021-02-05,7.0
675,896,43080,2021-06-05,2021-06-13,8.0
676,889,52587,2021-09-24,2021-10-11,17.0
677,267,38429,2021-07-05,2021-07-08,3.0
678,711,57891,2021-04-28,2021-05-14,16.0
679,308,37006,2021-03-05,2021-03-22,17.0
680,800,43491,2021-05-04,2021-05-22,18.0
681,463,53576,2021-10-10,2021-10-19,9.0
682,454,11469,2021-02-28,2021-03-18,18.0
683,276,59748,2021-01-01,2021-01-05,4.0
684,956,36919,2021-10-12,2021-10-17,5.0
685,851,22299,2021-08-06,2021-08-21,15.0
686,799,47994,2021-06-14,2021-06-15,1.0
687,341,39406,2021-03-30,2021-04-12,13.0
688,574,55980,2021-03-08,2021-03-29,21.0
689,884,12572,2021-10-03,2021-10-28,25.0
690,941,32100,2021-10-05,2021-10-26,21.0
691,78,46697,2021-04-03,2021-04-19,16.0
692,697,13501,2021-06-18,2021-07-05,17.0
693,714,28424,2021-04-29,2021-05-16,17.0
694,634,56801,2021-04-17,2021-05-11,24.0
695,92,26374,2021-07-01,2021-07-20,19.0
696,230,50224,2021-09-01,2021-09-27,26.0
697,830,12310,2021-07-20,2021-07-28,8.0
698,821,40922,2021-05-19,2021-06-13,25.0
699,311,58950,2021-01-29,2021-02-12,14.0
700,788,55928,2021-07-01,2021-07-26,25.0
701,659,40717,2021-08-28,2021-09-10,13.0
702,310,31509,2021-06-23,2021-07-14,21.0
703,327,26168,2021-02-07,2021-02-28,21.0
704,260,45954,2021-07-21,2021-07-27,6.0
705,107,11686,2021-01-14,2021-01-25,11.0
706,844,12902,2021-07-20,2021-07-21,1.0
707,589,25153,2021-05-12,2021-05-18,6.0
708,687,56307,2021-10-24,2021-11-10,17.0
709,772,36257,2021-06-17,2021-07-13,26.0
710,134,27729,2021-02-07,2021-02-08,1.0
711,228,16935,2021-06-22,2021-07-08,16.0
712,474,11718,2021-08-18,2021-08-29,11.0
713,241,15915,2021-07-14,2021-08-09,26.0
714,50,15121,2021-02-07,2021-02-19,12.0
715,225,51678,2021-10-19,2021-11-12,24.0
716,502,32660,2021-07-31,2021-08-26,26.0
717,696,52327,2021-03-11,2021-04-05,25.0
718,665,55727,2021-05-13,2021-05-20,7.0
719,387,24377,2021-09-19,2021-09-24,5.0
720,465,33029,2021-03-12,2021-03-23,11.0
721,755,59414,2021-08-28,2021-09-04,7.0
722,401,20524,2021-10-24,2021-11-20,27.0
723,135,54098,2021-10-03,2021-10-16,13.0
724,394,14883,2021-03-04,2021-03-28,24.0
725,674,55213,2021-09-26,2021-10-05,9.0
726,447,28356,2021-09-15,2021-10-05,20.0
727,852,56021,2021-05-01,2021-05-18,17.0
728,526,10662,2021-08-29,2021-08-30,1.0
729,1,35593,2021-02-18,2021-03-01,11.0
730,88,16533,2021-06-20,2021-07-10,20.0
731,214,44433,2021-06-21,2021-07-02,11.0
732,40,40317,2021-05-09,2021-05-29,20.0
733,387,42467,2021-05-26,2021-06-22,27.0
734,623,30153,2021-01-25,2021-01-31,6.0
735,754,39820,2021-10-03,2021-10-16,13.0
736,793,26942,2021-04-10,2021-05-03,23.0
737,453,30264,2021-05-26,2021-05-30,4.0
738,144,57487,2021-07-16,2021-08-09,24.0
739,211,32122,2021-09-14,2021-09-23,9.0
740,178,58226,2021-02-05,2021-02-10,5.0
741,710,31913,2021-02-03,2021-02-17,14.0
742,750,51184,2021-10-21,2021-11-01,11.0
743,909,25854,2021-03-25,2021-03-27,2.0
744,107,23613,2021-01-25,2021-02-14,20.0
745,643,13862,2021-03-21,2021-04-01,11.0
746,445,24804,2021-06-19,2021-06-27,8.0
747,299,22099,2021-05-11,2021-05-28,17.0
748,27,49811,2021-05-16,2021-06-06,21.0
749,693,25016,2021-09-20,2021-09-24,4.0
750,758,58084,2021-02-19,2021-03-01,10.0
751,254,47650,2021-06-20,2021-07-06,16.0
752,535,46911,2021-10-08,2021-10-12,4.0
753,40,39610,2021-02-20,2021-02-28,8.0
754,778,43858,2021-06-30,2021-07-23,23.0
755,123,47937,2021-04-11,2021-05-06,25.0
756,318,23746,2021-03-19,2021-03-29,10.0
757,632,45216,2021-06-03,2021-06-15,12.0
758,781,24144,2021-03-27,2021-04-21,25.0
759,857,18160,2021-06-06,2021-07-03,27.0
760,207,14658,2021-07-09,2021-07-11,2.0
761,198,52629,2021-10-03,2021-10-25,22.0
762,83,25268,2021-08-13,2021-08-20,7.0
763,974,30436,2021-03-18,2021-04-05,18.0
764,955,46239,2021-09-16,2021-10-04,18.0
765,660,27554,2021-01-15,2021-02-01,17.0
766,929,13750,2021-08-06,2021-08-15,9.0
767,169,51648,2021-04-28,2021-04-30,2.0
768,558,34334,2021-09-29,2021-10-16,17.0
769,422,32501,2021-09-10,2021-10-04,24.0
770,868,22564,2021-02-06,2021-02-28,22.0
771,970,33204,2021-06-06,2021-06-18,12.0
772,573,32936,2021-06-07,2021-06-27,20.0
773,998,21349,2021-07-19,2021-08-07,19.0
774,416,31076,2021-06-23,2021-07-13,20.0
775,348,21561,2021-06-11,2021-07-05,24.0
776,265,44395,2021-09-02,2021-09-27,25.0
777,431,13696,2021-01-16,2021-02-09,24.0
778,42,19228,2021-01-24,2021-02-07,14.0
779,698,39836,2021-07-07,2021-07-21,14.0
780,100,37821,2021-01-27,2021-01-29,2.0
781,465,44121,2021-08-21,2021-09-11,21.0
782,872,28459,2021-03-07,2021-03-23,16.0
783,683,31824,2021-01-17,2021-01-19,2.0
784,436,45143,2021-03-14,2021-04-04,21.0
785,445,52702,2021-03-22,2021-04-02,11.0
786,472,51344,2021-05-02,2021-05-08,6.0
787,44,59055,2021-07-18,2021-07-31,13.0
788,108,18355,2021-10-08,2021-10-13,5.0
789,762,35084,2021-10-11,2021-11-03,23.0
790,187,46050,2021-05-16,2021-05-27,11.0
791,476,51003,2021-05-05,2021-05-21,16.0
792,240,13672,2021-07-16,2021-08-12,27.0
793,258,39635,2021-01-27,2021-02-03,7.0
794,418,55757,2021-04-18,2021-05-08,20.0
795,427,51672,2021-06-07,2021-06-30,23.0
796,592,18804,2021-07-31,2021-08-06,6.0
797,908,41715,2021-07-25,2021-08-06,12.0
798,825,54551,2021-03-17,2021-04-01,15.0
799,651,41626,2021-03-11,2021-04-04,24.0
800,422,20089,2021-06-21,2021-06-23,2.0
801,995,58829,2021-08-02,2021-08-17,15.0
802,501,52930,2021-10-05,2021-10-23,18.0
803,625,25565,2021-04-03,2021-04-16,13.0
804,323,18090,2021-04-10,2021-04-21,11.0
805,416,13968,2021-10-02,2021-10-03,1.0
806,684,41441,2021-08-01,2021-08-16,15.0
807,636,47092,2021-02-17,2021-03-03,14.0
808,219,50929,2021-10-13,2021-10-30,17.0
809,73,26098,2021-02-11,2021-02-25,14.0
810,768,37440,2021-03-22,2021-04-04,13.0
811,764,23731,2021-10-22,2021-10-24,2.0
812,183,51668,2021-07-09,2021-07-13,4.0
813,908,52226,2021-08-11,2021-09-01,21.0
814,664,47232,2021-03-04,2021-03-28,24.0
815,572,50066,2021-05-02,2021-05-17,15.0
816,620,32362,2021-02-02,2021-02-06,4.0
817,944,35818,2021-06-27,2021-07-05,8.0
818,865,16625,2021-03-15,2021-04-10,26.0
819,461,48601,2021-01-19,2021-01-22,3.0
820,801,33182,2021-09-25,2021-10-03,8.0
821,118,27802,2021-01-03,2021-01-10,7.0
822,524,17615,2021-09-05,2021-09-12,7.0
823,223,15928,2021-04-29,2021-05-04,5.0
824,724,51124,2021-01-04,2021-01-28,24.0
825,787,13832,2021-01-27,2021-02-22,26.0
826,375,32770,2021-08-16,2021-09-06,21.0
827,292,27202,2021-05-09,2021-06-05,27.0
828,601,32593,2021-01-09,2021-01-27,18.0
829,951,22744,2021-04-06,2021-04-28,22.0
830,956,36830,2021-03-22,2021-03-23,1.0
831,338,17700,2021-08-04,2021-08-20,16.0
832,627,52583,2021-09-06,2021-09-27,21.0
833,317,12955,2021-03-03,2021-03-20,17.0
834,139,27691,2021-02-23,2021-03-08,13.0
835,106,34923,2021-01-02,2021-01-07,5.0
836,971,16047,2021-08-18,2021-08-24,6.0
837,989,16281,2021-01-12,2021-01-27,15.0
838,946,56562,2021-01-02,2021-01-15,13.0
839,306,42095,2021-09-16,2021-09-27,11.0
840,183,50682,2021-06-30,2021-07-08,8.0
841,348,39690,2021-06-29,2021-07-12,13.0
842,310,22552,2021-01-10,2021-01-29,19.0
843,956,17717,2021-07-03,2021-07-09,6.0
844,35,34733,2021-09-26,2021-10-18,22.0
845,457,11229,2021-04-25,2021-05-22,27.0
846,515,58585,2021-09-17,2021-10-10,23.0
847,566,43999,2021-10-19,2021-11-04,16.0
848,813,18195,2021-09-24,2021-10-14,20.0
849,882,21468,2021-08-11,2021-09-01,21.0
850,254,16739,2021-04-08,2021-04-27,19.0
851,365,15504,2021-04-23,2021-05-02,9.0
852,102,42616,2021-04-11,2021-05-08,27.0
853,653,28448,2021-09-27,2021-10-18,21.0
854,680,55361,2021-08-10,2021-08-27,17.0
855,620,13177,2021-01-26,2021-02-02,7.0
856,289,35823,2021-01-13,2021-01-22,9.0
857,577,43897,2021-09-01,2021-09-10,9.0
858,987,48827,2021-03-16,2021-03-27,11.0
859,269,42679,2021-03-26,2021-04-09,14.0
860,570,18813,2021-04-09,2021-05-04,25.0
861,315,11565,2021-05-31,2021-06-20,20.0
862,984,43784,2021-10-11,2021-10-20,9.0
863,81,33163,2021-05-10,2021-05-18,8.0
864,414,48691,2021-03-29,2021-04-17,19.0
865,490,24343,2021-07-27,2021-07-30,3.0
866,88,48270,2021-04-11,2021-04-21,10.0
867,342,42248,2021-03-23,2021-04-07,15.0
868,937,43447,2021-03-31,2021-04-03,3.0
869,605,11108,2021-09-25,2021-10-20,25.0
870,647,47385,2021-08-01,2021-08-12,11.0
871,550,10888,2021-09-24,2021-10-08,14.0
872,954,43868,2021-09-26,2021-10-14,18.0
873,100,55341,2021-04-25,2021-05-07,12.0
874,557,25370,2021-03-25,2021-04-10,16.0
875,383,25336,2021-02-26,2021-02-27,1.0
876,566,52388,2021-05-20,2021-05-24,4.0
877,558,25468,2021-07-14,2021-08-02,19.0
878,470,50578,2021-03-31,2021-04-20,20.0
879,370,37561,2021-10-11,2021-10-20,9.0
880,872,43851,2021-02-19,2021-03-16,25.0
881,318,51945,2021-02-18,2021-03-10,20.0
882,821,53666,2021-07-05,2021-07-07,2.0
883,360,43729,2021-02-27,2021-03-05,6.0
884,62,54659,2021-08-16,2021-09-08,23.0
885,16,27561,2021-10-18,2021-11-13,26.0
886,898,51067,2021-09-22,2021-10-18,26.0
887,669,10969,2021-01-27,2021-02-20,24.0
888,108,38001,2021-04-20,2021-05-03,13.0
889,332,27115,2021-07-31,2021-08-11,11.0
890,649,54889,2021-06-21,2021-07-07,16.0
891,350,36118,2021-08-12,2021-08-14,2.0
892,586,21071,2021-04-09,2021-04-11,2.0
893,854,49324,2021-03-06,2021-03-14,8.0
894,1000,35622,2021-10-11,2021-10-13,2.0
895,664,56830,2021-07-26,2021-08-15,20.0
896,446,46213,2021-03-14,2021-03-31,17.0
897,278,46681,2021-08-26,2021-09-17,22.0
898,465,51868,2021-06-30,2021-07-04,4.0
899,408,32250,2021-08-04,2021-08-14,10.0
900,409,31161,2021-07-07,2021-07-24,17.0
901,305,46735,2021-05-05,2021-05-06,1.0
902,553,30330,2021-01-12,2021-01-15,3.0
903,789,21721,2021-01-05,2021-01-21,16.0
904,980,40117,2021-03-24,2021-04-07,14.0
905,439,57884,2021-01-11,2021-01-23,12.0
906,870,40632,2021-01-21,2021-02-04,14.0
907,971,26863,2021-08-15,2021-08-17,2.0
908,422,55562,2021-03-15,2021-04-08,24.0
909,465,34050,2021-07-18,2021-08-09,22.0
910,738,14581,2021-01-27,2021-02-06,10.0
911,189,58886,2021-08-23,2021-09-06,14.0
912,780,48097,2021-08-23,2021-09-09,17.0
913,597,16265,2021-04-03,2021-04-19,16.0
914,577,36771,2021-05-09,2021-05-12,3.0
915,266,49775,2021-04-17,2021-05-04,17.0
916,189,31001,2021-10-12,2021-10-19,7.0
917,750,15620,2021-01-02,2021-01-12,10.0
918,965,24379,2021-03-07,2021-04-03,27.0
919,97,53662,2021-06-29,2021-07-21,22.0
920,703,27722,2021-07-26,2021-08-16,21.0
921,418,53911,2021-02-17,2021-02-18,1.0
922,703,36995,2021-10-10,2021-11-02,23.0
923,767,28421,2021-07-05,2021-07-26,21.0
924,786,43116,2021-04-04,2021-04-18,14.0
925,272,47553,2021-07-16,2021-08-12,27.0
926,123,13634,2021-02-08,2021-02-18,10.0
927,963,24139,2021-08-02,2021-08-06,4.0
928,801,42930,2021-10-14,2021-10-19,5.0
929,397,19614,2021-01-31,2021-02-06,6.0
930,150,17581,2021-06-22,2021-06-30,8.0
931,502,12528,2021-06-04,2021-06-19,15.0
932,45,27978,2021-08-22,2021-08-23,1.0
933,595,55917,2021-04-28,2021-05-20,22.0
934,736,23252,2021-04-03,2021-04-21,18.0
935,129,16962,2021-07-01,2021-07-16,15.0
936,148,47197,2021-07-16,2021-08-01,16.0
937,72,13216,2021-06-04,2021-06-25,21.0
938,128,41631,2021-06-12,2021-06-28,16.0
939,432,24169,2021-04-02,2021-04-21,19.0
940,813,11980,2021-09-11,2021-10-04,23.0
941,662,56019,2021-09-30,2021-10-05,5.0
942,282,46279,2021-06-09,2021-06-10,1.0
943,76,26707,2021-02-22,2021-03-14,20.0
944,774,27648,2021-07-17,2021-08-09,23.0
945,54,11172,2021-07-04,2021-07-22,18.0
946,455,33414,2021-04-20,2021-05-13,23.0
947,49,47022,2021-06-24,2021-07-02,8.0
948,35,18783,2021-08-24,2021-09-02,9.0
949,244,50347,2021-02-02,2021-02-17,15.0
950,328,43066,2021-10-16,2021-10-31,15.0
951,515,28300,2021-09-30,2021-10-23,23.0
952,883,57857,2021-08-05,2021-08-25,20.0
953,733,28033,2021-04-18,2021-04-26,8.0
954,370,33703,2021-03-28,2021-04-15,18.0
955,209,30609,2021-01-20,2021-02-05,16.0
956,549,19917,2021-05-18,2021-06-07,20.0
957,740,47132,2021-08-20,2021-08-30,10.0
958,577,42170,2021-06-21,2021-07-01,10.0
959,565,10777,2021-01-17,2021-02-10,24.0
960,362,32197,2021-09-19,2021-10-07,18.0
961,717,54557,2021-03-19,2021-04-15,27.0
962,657,49485,2021-02-09,2021-02-18,9.0
963,108,18632,2021-06-18,2021-07-14,26.0
964,367,22258,2021-07-08,2021-07-16,8.0
965,69,14014,2021-07-24,2021-07-29,5.0
966,639,28100,2021-02-25,2021-03-10,13.0
967,306,32010,2021-10-11,2021-11-07,27.0
968,765,32223,2021-03-14,2021-04-03,20.0
969,639,23565,2021-05-22,2021-05-25,3.0
970,382,36941,2021-01-04,2021-01-23,19.0
971,272,40173,2021-08-26,2021-09-12,17.0
972,117,10698,2021-07-22,2021-08-08,17.0
973,232,49214,2021-09-04,2021-09-24,20.0
974,221,17928,2021-01-22,2021-02-18,27.0
975,316,28211,2021-01-18,2021-01-30,12.0
976,778,11014,2021-10-15,2021-11-04,20.0
977,463,19220,2021-04-23,2021-05-06,13.0
978,827,24589,2021-04-24,2021-05-18,24.0
979,813,31437,2021-04-07,2021-04-21,14.0
980,84,57728,2021-10-19,2021-11-14,26.0
981,830,37730,2021-10-02,2021-10-12,10.0
982,123,33286,2021-03-30,2021-04-07,8.0
983,677,49941,2021-07-12,2021-07-14,2.0
984,359,10390,2021-09-23,2021-09-30,7.0
985,581,59558,2021-02-07,2021-02-09,2.0
986,116,13431,2021-08-02,2021-08-15,13.0
987,247,30215,2021-07-13,2021-08-09,27.0
988,496,27204,2021-02-04,2021-02-16,12.0
989,595,27217,2021-01-06,2021-01-29,23.0
990,87,40306,2021-08-17,2021-09-06,20.0
991,493,17535,2021-01-09,2021-01-16,7.0
992,770,53679,2021-07-23,2021-08-14,22.0
993,268,33479,2021-03-29,2021-04-11,13.0
994,920,59074,2021-07-15,2021-07-17,2.0
995,15,43588,2021-04-14,2021-04-28,14.0
996,345,37843,2021-01-13,2021-02-02,20.0
997,346,53831,2021-01-18,2021-01-31,13.0
998,407,53308,2021-05-05,2021-05-21,16.0
999,428,31643,2021-06-15,2021-07-12,27.0
1000,896,27836,2021-04-07,2021-04-24,17.0
